1763028511,948278153,laser,-3.1241390705108643,3.1415927410125732,0.0034828970674425364,5.714374492526986e-05,0.1028015986084938,0.15000000596046448,16.0,inf,inf,inf,inf,inf,inf,inf,inf,inf,inf,inf,inf,inf,inf,inf,inf,inf,inf,inf,inf,inf,inf,inf,inf,inf,inf,inf,inf,inf,inf,4.567999839782715,4.567999839782715,4.567999839782715,4.567999839782715,4.567999839782715,4.504000186920166,4.25600004196167,4.25600004196167,3.752000093460083,3.752000093460083,3.752000093460083,3.752000093460083,3.747999906539917,3.7360000610351562,3.740000009536743,3.740000009536743,3.740000009536743,3.740000009536743,3.007999897003174,2.8919999599456787,2.8919999599456787,2.8919999599456787,2.8919999599456787,2.864000082015991,2.864000082015991,2.7880001068115234,2.4519999027252197,2.4519999027252197,2.4519999027252197,2.4040000438690186,2.4040000438690186,2.3559999465942383,2.315999984741211,2.2839999198913574,2.2839999198913574,2.247999906539917,2.200000047683716,2.1600000858306885,2.111999988555908,2.0799999237060547,2.058000087738037,2.01200008392334,1.9759999513626099,1.9500000476837158,1.9240000247955322,1.8980000019073486,1.8660000562667847,1.8380000591278076,1.812000036239624,1.7899999618530273,1.7899999618530273,1.7680000066757202,1.746000051498413,1.722000002861023,1.6979999542236328,1.6740000247955322,1.6480000019073486,1.6339999437332153,1.6160000562667847,1.5959999561309814,1.5800000429153442,1.559999942779541,1.5399999618530273,1.5399999618530273,1.503999948501587,1.503999948501587,1.4880000352859497,1.465999960899353,1.4520000219345093,1.437999963760376,1.4259999990463257,1.4119999408721924,1.3940000534057617,1.3799999952316284,1.3660000562667847,1.3459999561309814,1.3300000429153442,1.3259999752044678,1.3259999752044678,1.315999984741211,1.3020000457763672,1.2899999618530273,1.2760000228881836,1.2580000162124634,1.2480000257492065,1.2359999418258667,1.2239999771118164,1.215999960899353,1.2039999961853027,1.1920000314712524,1.1799999475479126,1.1799999475479126,1.156000018119812,1.156000018119812,1.1440000534057617,1.1380000114440918,1.1299999952316284,1.121999979019165,...,0.0,0.0,0.0,0.0,0.0,0.0,0.0,0.0,0.0,0.0,0.0,0.0,0.0,0.0,0.0,0.0,0.0,0.0,0.0,0.0,0.0,0.0,0.0,0.0,0.0,0.0,0.0,0.0,0.0,0.0,0.0,0.0,0.0,0.0,0.0,0.0,0.0,0.0,0.0,0.0,0.0,0.0,0.0,0.0,0.0,0.0,0.0,0.0,0.0,0.0,0.0,0.0,0.0,0.0,0.0,0.0,0.0,0.0,0.0,0.0,0.0,0.0,0.0,0.0,0.0,0.0,0.0,0.0,0.0,0.0,0.0,0.0,0.0,0.0,0.0,0.0,0.0,0.0,0.0,0.0,0.0,0.0,0.0,0.0,0.0,0.0,0.0,47.0,47.0,47.0,47.0,47.0,0.0,0.0,0.0,0.0,0.0,0.0,0.0,0.0,0.0,0.0,0.0,0.0,0.0,0.0,0.0,0.0,47.0,47.0,47.0,47.0,47.0,0.0,0.0,0.0,0.0,0.0,0.0,0.0,0.0,0.0,0.0,0.0,0.0,0.0,0.0,0.0,...
1763028512,52013048,laser,-3.1241390705108643,3.1415927410125732,0.0034828970674425364,5.759895429946482e-05,0.1036205142736435,0.15000000596046448,16.0,inf,inf,inf,inf,inf,inf,inf,inf,inf,inf,inf,inf,inf,inf,inf,inf,inf,inf,inf,inf,inf,inf,inf,inf,inf,inf,inf,inf,4.567999839782715,4.567999839782715,4.567999839782715,4.567999839782715,4.567999839782715,4.480000019073486,4.480000019073486,4.480000019073486,4.375999927520752,4.25600004196167,4.136000156402588,3.759999990463257,3.75600004196167,3.75600004196167,3.75600004196167,3.74399995803833,3.74399995803833,3.740000009536743,3.740000009536743,3.740000009536743,inf,inf,2.880000114440918,2.880000114440918,2.880000114440918,2.880000114440918,2.880000114440918,2.8239998817443848,2.759999990463257,2.696000099182129,2.5439999103546143,2.5439999103546143,2.3359999656677246,2.2880001068115234,2.2880001068115234,2.2880001068115234,2.2880001068115234,2.2360000610351562,2.2119998931884766,2.1760001182556152,2.119999885559082,2.0840001106262207,2.059999942779541,2.0280001163482666,1.9980000257492065,1.9639999866485596,1.9299999475479126,1.8960000276565552,1.8680000305175781,1.850000023841858,1.8259999752044678,1.7940000295639038,1.7940000295639038,1.7699999809265137,1.7519999742507935,1.7280000448226929,1.6979999542236328,1.6740000247955322,1.649999976158142,1.6339999437332153,1.6200000047683716,1.6019999980926514,1.5800000429153442,1.559999942779541,1.5399999618530273,1.5399999618530273,1.503999948501587,1.503999948501587,1.4880000352859497,1.4739999771118164,1.4620000123977661,1.4459999799728394,1.4320000410079956,1.4160000085830688,1.4019999504089355,1.3880000114440918,1.371999979019165,1.3559999465942383,1.3420000076293945,1.3300000429153442,1.3179999589920044,1.3179999589920044,1.3020000457763672,1.2879999876022339,1.2760000228881836,1.2619999647140503,1.2519999742507935,1.2380000352859497,1.2239999771118164,1.215999960899353,1.2039999961853027,1.1920000314712524,1.1799999475479126,1.1720000505447388,1.1720000505447388,1.1480000019073486,1.1480000019073486,1.1399999856948853,1.1299999952316284,1.121999979019165,...,0.0,0.0,0.0,0.0,0.0,0.0,0.0,0.0,0.0,0.0,0.0,0.0,0.0,0.0,0.0,0.0,0.0,0.0,0.0,0.0,0.0,0.0,0.0,0.0,0.0,0.0,0.0,0.0,0.0,0.0,0.0,0.0,0.0,0.0,0.0,0.0,0.0,0.0,0.0,0.0,0.0,0.0,0.0,0.0,0.0,0.0,0.0,0.0,0.0,0.0,0.0,0.0,0.0,0.0,0.0,0.0,0.0,0.0,0.0,0.0,0.0,0.0,0.0,0.0,0.0,0.0,0.0,0.0,0.0,0.0,0.0,0.0,0.0,0.0,0.0,0.0,0.0,0.0,0.0,0.0,0.0,0.0,0.0,0.0,0.0,0.0,0.0,0.0,0.0,0.0,0.0,0.0,0.0,0.0,0.0,0.0,0.0,0.0,0.0,0.0,0.0,0.0,0.0,0.0,0.0,0.0,0.0,0.0,0.0,0.0,0.0,0.0,0.0,0.0,0.0,0.0,0.0,0.0,0.0,0.0,0.0,0.0,0.0,0.0,0.0,0.0,0.0,0.0,...
1763028512,157272297,laser,-3.1241390705108643,3.1415927410125732,0.0034828970674425364,5.3745799959870055e-05,0.09668869525194168,0.15000000596046448,16.0,inf,inf,inf,inf,inf,inf,inf,inf,inf,inf,inf,inf,inf,inf,inf,inf,inf,inf,inf,inf,inf,inf,inf,inf,inf,inf,inf,inf,inf,inf,inf,4.4079999923706055,4.4079999923706055,4.4079999923706055,4.4079999923706055,4.4079999923706055,4.119999885559082,4.119999885559082,4.119999885559082,3.7639999389648438,3.75600004196167,3.75600004196167,3.75600004196167,3.74399995803833,3.740000009536743,3.740000009536743,3.74399995803833,3.0199999809265137,3.0199999809265137,3.0199999809265137,2.9240000247955322,2.9240000247955322,2.9240000247955322,2.868000030517578,2.868000030517578,2.868000030517578,2.803999900817871,2.74399995803833,2.691999912261963,2.6440000534057617,2.5959999561309814,2.5399999618530273,2.4839999675750732,2.4240000247955322,2.359999895095825,2.303999900817871,2.25600004196167,2.2079999446868896,2.1480000019073486,2.0999999046325684,2.049999952316284,2.049999952316284,1.9880000352859497,1.9520000219345093,1.9520000219345093,1.9240000247955322,1.8960000276565552,1.8660000562667847,1.840000033378601,1.812000036239624,1.781999945640564,1.75600004196167,1.7380000352859497,1.722000002861023,1.694000005722046,1.6679999828338623,1.6480000019073486,1.6480000019073486,1.6100000143051147,1.5920000076293945,1.5920000076293945,1.5640000104904175,1.5460000038146973,1.5360000133514404,1.5180000066757202,1.4980000257492065,1.4839999675750732,1.4620000123977661,1.444000005722046,1.4299999475479126,1.4119999408721924,1.3980000019073486,1.3899999856948853,1.3899999856948853,1.378000020980835,1.3639999628067017,1.3480000495910645,1.3320000171661377,1.3279999494552612,1.3140000104904175,1.2979999780654907,1.2860000133514404,1.2760000228881836,1.2619999647140503,1.25,1.2380000352859497,1.222000002861023,1.2120000123977661,1.2020000219345093,1.2020000219345093,1.190000057220459,1.1799999475479126,1.1720000505447388,1.159999966621399,1.1480000019073486,1.1360000371932983,1.1260000467300415,1.1200000047683716,...,0.0,0.0,0.0,0.0,0.0,0.0,0.0,0.0,0.0,0.0,0.0,0.0,0.0,0.0,0.0,0.0,0.0,0.0,0.0,0.0,0.0,0.0,0.0,0.0,0.0,0.0,0.0,0.0,0.0,0.0,0.0,0.0,0.0,0.0,0.0,0.0,0.0,0.0,0.0,0.0,0.0,0.0,0.0,0.0,0.0,0.0,0.0,0.0,0.0,0.0,0.0,0.0,0.0,0.0,0.0,0.0,0.0,0.0,0.0,0.0,0.0,0.0,0.0,0.0,0.0,0.0,0.0,0.0,0.0,0.0,0.0,0.0,0.0,0.0,0.0,0.0,0.0,0.0,0.0,0.0,0.0,0.0,0.0,0.0,0.0,0.0,0.0,0.0,0.0,0.0,0.0,0.0,0.0,0.0,0.0,0.0,0.0,0.0,0.0,0.0,0.0,0.0,0.0,0.0,0.0,0.0,0.0,47.0,47.0,47.0,47.0,47.0,0.0,0.0,0.0,0.0,0.0,0.0,0.0,0.0,0.0,0.0,0.0,0.0,0.0,0.0,0.0,0.0,...
1763028512,255743195,laser,-3.1241390705108643,3.1415927410125732,0.0034828970674425364,5.702892303816043e-05,0.10259503126144409,0.15000000596046448,16.0,inf,inf,inf,inf,inf,inf,inf,inf,inf,inf,inf,inf,inf,inf,inf,inf,inf,inf,inf,inf,inf,inf,inf,inf,inf,inf,inf,inf,inf,inf,inf,inf,inf,inf,inf,inf,3.75600004196167,3.75600004196167,3.75600004196167,3.75600004196167,3.75600004196167,3.752000093460083,3.752000093460083,3.740000009536743,3.740000009536743,3.74399995803833,3.74399995803833,2.992000102996826,2.992000102996826,2.992000102996826,2.940000057220459,2.940000057220459,2.9040000438690186,2.875999927520752,2.875999927520752,2.799999952316284,2.799999952316284,2.7279999256134033,2.6760001182556152,2.640000104904175,2.5160000324249268,2.5160000324249268,2.4800000190734863,2.3440001010894775,2.3440001010894775,2.308000087738037,2.25600004196167,2.2039999961853027,2.1480000019073486,2.0959999561309814,2.0959999561309814,1.9980000257492065,1.968000054359436,1.968000054359436,1.944000005722046,1.9199999570846558,1.8919999599456787,1.8639999628067017,1.840000033378601,1.805999994277954,1.7799999713897705,1.7580000162124634,1.7380000352859497,1.7139999866485596,1.6859999895095825,1.6640000343322754,1.6640000343322754,1.6419999599456787,1.6019999980926514,1.6019999980926514,1.5859999656677246,1.5640000104904175,1.5460000038146973,1.5299999713897705,1.5119999647140503,1.496000051498413,1.4800000190734863,1.465999960899353,1.444000005722046,1.4279999732971191,1.4179999828338623,1.399999976158142,1.399999976158142,1.3899999856948853,1.378000020980835,1.3559999465942383,1.340000033378601,1.3259999752044678,1.312000036239624,1.305999994277954,1.2940000295639038,1.2799999713897705,1.2680000066757202,1.2519999742507935,1.2519999742507935,1.2400000095367432,1.2319999933242798,1.222000002861023,1.2059999704360962,1.1959999799728394,1.187999963760376,1.1759999990463257,1.1679999828338623,1.1579999923706055,1.1460000276565552,1.1380000114440918,1.1260000467300415,1.1180000305175781,...,0.0,0.0,0.0,0.0,0.0,0.0,0.0,0.0,0.0,0.0,0.0,0.0,0.0,0.0,0.0,0.0,0.0,0.0,0.0,0.0,0.0,0.0,0.0,0.0,0.0,0.0,0.0,0.0,0.0,0.0,0.0,0.0,0.0,0.0,0.0,0.0,0.0,0.0,0.0,0.0,0.0,0.0,0.0,0.0,0.0,0.0,0.0,0.0,0.0,0.0,0.0,0.0,0.0,0.0,0.0,0.0,0.0,0.0,0.0,0.0,0.0,0.0,0.0,0.0,0.0,0.0,0.0,0.0,0.0,0.0,0.0,0.0,0.0,0.0,0.0,0.0,0.0,0.0,0.0,0.0,0.0,0.0,0.0,0.0,0.0,0.0,0.0,0.0,0.0,0.0,0.0,0.0,0.0,0.0,0.0,0.0,0.0,0.0,0.0,0.0,0.0,0.0,0.0,0.0,0.0,0.0,0.0,0.0,0.0,0.0,0.0,0.0,0.0,0.0,0.0,0.0,0.0,0.0,0.0,0.0,0.0,0.0,0.0,0.0,0.0,47.0,47.0,47.0,...
1763028512,359485975,laser,-3.1241390705108643,3.1415927410125732,0.0034828970674425364,5.735567174269818e-05,0.103182852268219,0.15000000596046448,16.0,inf,inf,inf,inf,inf,inf,inf,inf,inf,inf,12.920000076293945,12.920000076293945,12.920000076293945,12.920000076293945,12.920000076293945,inf,inf,inf,inf,inf,inf,inf,inf,inf,inf,inf,inf,inf,inf,inf,inf,inf,inf,inf,inf,inf,3.7799999713897705,3.7799999713897705,3.7799999713897705,3.7799999713897705,3.7799999713897705,3.75600004196167,3.747999906539917,3.740000009536743,3.74399995803833,3.74399995803833,3.74399995803833,3.740000009536743,inf,2.880000114440918,2.880000114440918,2.880000114440918,2.880000114440918,2.880000114440918,2.875999927520752,2.7160000801086426,2.7160000801086426,2.671999931335449,2.671999931335449,2.624000072479248,2.555999994277954,2.496000051498413,2.4519999027252197,2.299999952316284,2.299999952316284,2.299999952316284,2.252000093460083,2.200000047683716,2.1519999504089355,2.1080000400543213,2.068000078201294,2.0360000133514404,1.9980000257492065,1.968000054359436,1.9359999895095825,1.899999976158142,1.8760000467300415,1.8600000143051147,1.8359999656677246,1.8040000200271606,1.8040000200271606,1.7740000486373901,1.7280000448226929,1.7280000448226929,1.7039999961853027,1.6859999895095825,1.6619999408721924,1.6419999599456787,1.621999979019165,1.6019999980926514,1.5800000429153442,1.559999942779541,1.5360000133514404,1.5199999809265137,1.5080000162124634,1.4880000352859497,1.4880000352859497,1.4759999513626099,1.4639999866485596,1.4459999799728394,1.4259999990463257,1.4119999408721924,1.399999976158142,1.3860000371932983,1.3680000305175781,1.350000023841858,1.340000033378601,1.3220000267028809,1.309999942779541,1.305999994277954,1.305999994277954,1.2799999713897705,1.2799999713897705,1.2640000581741333,1.2480000257492065,1.2359999418258667,1.2259999513626099,1.2120000123977661,1.2020000219345093,1.1959999799728394,1.1859999895095825,1.1740000247955322,1.1660000085830688,1.156000018119812,1.1460000276565552,1.1460000276565552,1.1360000371932983,1.1260000467300415,...,0.0,0.0,0.0,0.0,0.0,0.0,0.0,0.0,0.0,0.0,0.0,0.0,0.0,0.0,0.0,0.0,0.0,0.0,0.0,0.0,0.0,0.0,0.0,0.0,0.0,0.0,0.0,0.0,0.0,0.0,0.0,0.0,0.0,0.0,0.0,0.0,0.0,0.0,0.0,0.0,0.0,0.0,0.0,0.0,0.0,0.0,0.0,0.0,0.0,0.0,0.0,0.0,0.0,0.0,0.0,0.0,0.0,0.0,0.0,0.0,0.0,0.0,0.0,0.0,0.0,0.0,0.0,0.0,0.0,0.0,0.0,0.0,0.0,0.0,0.0,0.0,0.0,0.0,0.0,0.0,0.0,0.0,0.0,0.0,0.0,0.0,0.0,0.0,0.0,0.0,0.0,0.0,0.0,0.0,0.0,0.0,0.0,0.0,0.0,0.0,0.0,0.0,0.0,0.0,0.0,0.0,0.0,0.0,47.0,47.0,47.0,47.0,47.0,0.0,0.0,0.0,0.0,0.0,0.0,0.0,0.0,0.0,0.0,0.0,0.0,0.0,0.0,0.0,...
1763028512,464452114,laser,-3.1241390705108643,3.1415927410125732,0.0034828970674425364,5.360885916161351e-05,0.0964423418045044,0.15000000596046448,16.0,inf,inf,inf,inf,inf,inf,inf,inf,inf,inf,inf,inf,inf,inf,inf,inf,inf,inf,inf,inf,inf,inf,inf,inf,inf,inf,inf,inf,inf,inf,inf,inf,inf,inf,inf,inf,inf,3.752000093460083,3.752000093460083,3.752000093460083,3.752000093460083,3.752000093460083,3.74399995803833,3.74399995803833,3.740000009536743,3.74399995803833,3.747999906539917,3.0,3.0,2.9519999027252197,2.9519999027252197,2.9519999027252197,2.875999927520752,2.875999927520752,2.875999927520752,2.812000036239624,2.752000093460083,2.752000093460083,2.563999891281128,2.563999891281128,2.563999891281128,2.3440001010894775,2.2880001068115234,2.2880001068115234,2.2880001068115234,2.240000009536743,2.2079999446868896,2.1679999828338623,2.115999937057495,2.0840001106262207,2.052000045776367,2.01200008392334,1.9819999933242798,1.9520000219345093,1.9240000247955322,1.9240000247955322,1.899999976158142,1.8420000076293945,1.8420000076293945,1.815999984741211,1.7899999618530273,1.7680000066757202,1.746000051498413,1.722000002861023,1.7000000476837158,1.6740000247955322,1.6480000019073486,1.6319999694824219,1.6139999628067017,1.5980000495910645,1.5779999494552612,1.5579999685287476,1.5579999685287476,1.5420000553131104,1.5219999551773071,1.50600004196167,1.4880000352859497,1.4700000286102295,1.4600000381469727,1.4479999542236328,1.4259999990463257,1.409999966621399,1.399999976158142,1.3799999952316284,1.3619999885559082,1.350000023841858,1.340000033378601,1.3200000524520874,1.3200000524520874,1.3040000200271606,1.2940000295639038,1.2860000133514404,1.2719999551773071,1.25600004196167,1.246000051498413,1.2339999675750732,1.2239999771118164,1.2120000123977661,1.2020000219345093,1.194000005722046,1.1820000410079956,1.1740000247955322,1.1740000247955322,1.1540000438690186,1.1540000438690186,1.1419999599456787,1.1319999694824219,1.121999979019165,...,0.0,0.0,0.0,0.0,0.0,0.0,0.0,0.0,0.0,0.0,0.0,0.0,0.0,0.0,0.0,0.0,0.0,0.0,0.0,0.0,0.0,0.0,0.0,0.0,0.0,0.0,0.0,0.0,0.0,0.0,0.0,0.0,0.0,0.0,0.0,0.0,0.0,0.0,0.0,0.0,0.0,0.0,0.0,0.0,0.0,0.0,0.0,0.0,0.0,0.0,0.0,0.0,0.0,0.0,0.0,0.0,0.0,0.0,0.0,0.0,0.0,0.0,0.0,0.0,0.0,0.0,0.0,0.0,0.0,0.0,0.0,0.0,0.0,0.0,0.0,0.0,0.0,0.0,0.0,0.0,0.0,0.0,0.0,0.0,0.0,0.0,0.0,0.0,0.0,0.0,0.0,0.0,0.0,0.0,0.0,0.0,0.0,0.0,0.0,0.0,0.0,0.0,0.0,0.0,0.0,0.0,0.0,0.0,0.0,0.0,0.0,0.0,0.0,0.0,0.0,0.0,0.0,0.0,0.0,0.0,0.0,0.0,0.0,0.0,0.0,0.0,0.0,0.0,...
1763028512,562762400,laser,-3.1241390705108643,3.1415927410125732,0.0034828970674425364,5.702664202544838e-05,0.10259092599153519,0.15000000596046448,16.0,inf,inf,inf,inf,inf,inf,inf,inf,inf,inf,inf,inf,inf,inf,inf,inf,inf,inf,inf,inf,inf,inf,inf,inf,inf,inf,inf,inf,inf,inf,inf,inf,inf,inf,3.7760000228881836,3.7760000228881836,3.7760000228881836,3.7760000228881836,3.7760000228881836,3.752000093460083,3.752000093460083,3.752000093460083,3.752000093460083,3.74399995803833,3.740000009536743,3.74399995803833,3.74399995803833,2.996000051498413,2.996000051498413,2.98799991607666,2.98799991607666,2.98799991607666,2.9760000705718994,2.9240000247955322,2.8480000495910645,2.7839999198913574,2.7839999198913574,2.4639999866485596,2.4639999866485596,2.3399999141693115,2.3399999141693115,2.3399999141693115,2.308000087738037,2.308000087738037,2.2639999389648438,2.2200000286102295,2.196000099182129,2.0999999046325684,2.0759999752044678,2.0759999752044678,2.052000045776367,2.003999948501587,1.968000054359436,1.940000057220459,1.940000057220459,1.909999966621399,1.8760000467300415,1.8539999723434448,1.8339999914169312,1.805999994277954,1.777999997138977,1.7580000162124634,1.7380000352859497,1.7120000123977661,1.687999963760376,1.6679999828338623,1.6460000276565552,1.621999979019165,1.6019999980926514,1.5880000591278076,1.5880000591278076,1.565999984741211,1.5379999876022339,1.5260000228881836,1.5160000324249268,1.4980000257492065,1.4839999675750732,1.465999960899353,1.4479999542236328,1.4240000247955322,1.4119999408721924,1.4079999923706055,1.3880000114440918,1.3880000114440918,1.3700000047683716,1.3600000143051147,1.343999981880188,1.3300000429153442,1.3200000524520874,1.305999994277954,1.2920000553131104,1.2760000228881836,1.2660000324249268,1.2519999742507935,1.2419999837875366,1.2319999933242798,1.2319999933242798,1.2100000381469727,1.2100000381469727,1.2000000476837158,1.187999963760376,1.1759999990463257,1.1699999570846558,1.156000018119812,1.1419999599456787,1.1399999856948853,1.128000020980835,1.1180000305175781,...,0.0,0.0,0.0,0.0,0.0,0.0,0.0,0.0,0.0,0.0,0.0,0.0,0.0,0.0,0.0,0.0,0.0,0.0,0.0,0.0,0.0,0.0,0.0,0.0,0.0,0.0,0.0,0.0,0.0,0.0,0.0,0.0,0.0,0.0,0.0,0.0,0.0,0.0,0.0,0.0,0.0,0.0,0.0,0.0,0.0,0.0,0.0,0.0,0.0,0.0,0.0,0.0,0.0,0.0,0.0,0.0,0.0,0.0,0.0,0.0,0.0,0.0,0.0,0.0,0.0,0.0,0.0,0.0,0.0,0.0,0.0,0.0,0.0,0.0,0.0,0.0,0.0,0.0,47.0,47.0,47.0,47.0,47.0,0.0,0.0,0.0,0.0,0.0,0.0,0.0,0.0,0.0,0.0,0.0,0.0,0.0,0.0,0.0,0.0,0.0,0.0,0.0,0.0,0.0,0.0,0.0,0.0,0.0,0.0,0.0,0.0,0.0,0.0,0.0,0.0,0.0,0.0,0.0,0.0,0.0,0.0,0.0,0.0,47.0,47.0,47.0,47.0,47.0,...
1763028512,667223209,laser,-3.1241390705108643,3.1415927410125732,0.0034828970674425364,5.698585664504208e-05,0.10251756012439728,0.15000000596046448,16.0,inf,inf,inf,inf,inf,inf,inf,inf,inf,inf,inf,inf,inf,inf,inf,inf,inf,inf,inf,inf,inf,inf,inf,inf,inf,inf,inf,inf,4.447999954223633,4.447999954223633,4.447999954223633,4.447999954223633,4.447999954223633,4.072000026702881,4.072000026702881,4.072000026702881,3.759999990463257,3.759999990463257,3.759999990463257,3.759999990463257,3.752000093460083,3.752000093460083,3.752000093460083,3.74399995803833,3.740000009536743,3.740000009536743,3.74399995803833,3.74399995803833,2.992000102996826,2.992000102996826,2.9760000705718994,2.9760000705718994,2.9760000705718994,2.9200000762939453,2.6600000858306885,2.6600000858306885,2.492000102996826,2.492000102996826,2.492000102996826,2.492000102996826,2.447999954223633,2.3399999141693115,2.3399999141693115,2.308000087738037,2.2639999389648438,2.2239999771118164,2.196000099182129,2.0999999046325684,2.0999999046325684,2.072000026702881,2.0480000972747803,2.00600004196167,1.9700000286102295,1.9700000286102295,1.9420000314712524,1.909999966621399,1.878000020980835,1.8539999723434448,1.8320000171661377,1.8040000200271606,1.7799999713897705,1.7580000162124634,1.7380000352859497,1.7120000123977661,1.687999963760376,1.6679999828338623,1.6679999828338623,1.6460000276565552,1.6019999980926514,1.6019999980926514,1.590000033378601,1.5720000267028809,1.5479999780654907,1.531999945640564,1.5160000324249268,1.4980000257492065,1.4819999933242798,1.465999960899353,1.4479999542236328,1.4240000247955322,1.4119999408721924,1.406000018119812,1.406000018119812,1.3899999856948853,1.378000020980835,1.3660000562667847,1.343999981880188,1.3300000429153442,1.315999984741211,1.305999994277954,1.2999999523162842,1.2799999713897705,1.2680000066757202,1.2599999904632568,1.2480000257492065,1.2480000257492065,1.2300000190734863,1.2120000123977661,1.2120000123977661,1.2000000476837158,1.190000057220459,1.1799999475479126,1.1679999828338623,1.156000018119812,1.1460000276565552,1.1380000114440918,1.1260000467300415,1.1180000305175781,...,0.0,0.0,0.0,0.0,0.0,0.0,0.0,0.0,0.0,0.0,0.0,0.0,0.0,0.0,0.0,0.0,0.0,0.0,0.0,0.0,0.0,0.0,0.0,0.0,0.0,0.0,0.0,0.0,0.0,0.0,0.0,0.0,0.0,0.0,0.0,0.0,0.0,0.0,0.0,0.0,0.0,0.0,0.0,0.0,0.0,0.0,0.0,0.0,0.0,0.0,0.0,0.0,0.0,0.0,0.0,0.0,0.0,0.0,0.0,0.0,0.0,0.0,0.0,0.0,0.0,0.0,0.0,0.0,0.0,0.0,0.0,0.0,0.0,0.0,0.0,0.0,0.0,0.0,0.0,0.0,0.0,0.0,0.0,0.0,0.0,0.0,0.0,0.0,0.0,0.0,0.0,0.0,0.0,0.0,0.0,0.0,0.0,0.0,0.0,0.0,0.0,0.0,0.0,0.0,0.0,0.0,0.0,0.0,0.0,0.0,0.0,0.0,0.0,0.0,0.0,0.0,0.0,0.0,0.0,0.0,0.0,0.0,47.0,47.0,47.0,47.0,47.0,47.0,...
1763028512,771905412,laser,-3.1241390705108643,3.1415927410125732,0.0034828970674425364,5.338658593245782e-05,0.09604246914386749,0.15000000596046448,16.0,inf,inf,inf,inf,inf,inf,inf,inf,inf,inf,inf,inf,inf,inf,inf,inf,inf,inf,inf,inf,inf,inf,inf,inf,inf,inf,inf,inf,inf,4.535999774932861,4.535999774932861,4.535999774932861,4.535999774932861,4.535999774932861,4.455999851226807,4.455999851226807,4.343999862670898,4.23199987411499,4.124000072479248,4.124000072479248,3.752000093460083,3.7360000610351562,3.7360000610351562,3.7279999256134033,3.740000009536743,3.740000009536743,3.74399995803833,2.996000051498413,2.996000051498413,2.996000051498413,2.9639999866485596,2.9639999866485596,2.9639999866485596,2.940000057220459,2.9119999408721924,2.740000009536743,2.740000009536743,2.6760001182556152,2.492000102996826,2.492000102996826,2.436000108718872,2.388000011444092,2.3399999141693115,2.308000087738037,2.2639999389648438,2.2160000801086426,2.184000015258789,2.1440000534057617,2.1440000534057617,2.0959999561309814,2.072000026702881,2.0380001068115234,1.996000051498413,1.9639999866485596,1.9359999895095825,1.906000018119812,1.871999979019165,1.850000023841858,1.8279999494552612,1.7960000038146973,1.7699999809265137,1.753999948501587,1.7339999675750732,1.7059999704360962,1.7059999704360962,1.6820000410079956,1.6640000343322754,1.6419999599456787,1.6260000467300415,1.6059999465942383,1.5859999656677246,1.5679999589920044,1.5420000553131104,1.5240000486373901,1.5119999647140503,1.49399995803833,1.4819999933242798,1.465999960899353,1.465999960899353,1.4479999542236328,1.4259999990463257,1.409999966621399,1.3980000019073486,1.3839999437332153,1.371999979019165,1.3580000400543213,1.343999981880188,1.3300000429153442,1.315999984741211,1.3040000200271606,1.2940000295639038,1.277999997138977,1.2640000581741333,1.25,1.25,1.2380000352859497,1.2300000190734863,1.218000054359436,1.2059999704360962,1.194000005722046,1.1820000410079956,1.1720000505447388,1.1660000085830688,1.156000018119812,1.1460000276565552,1.1339999437332153,1.1239999532699585,1.1239999532699585,...,0.0,0.0,0.0,0.0,0.0,0.0,0.0,0.0,0.0,0.0,0.0,0.0,0.0,0.0,0.0,0.0,0.0,0.0,0.0,0.0,0.0,0.0,0.0,0.0,0.0,0.0,0.0,0.0,0.0,0.0,0.0,0.0,0.0,0.0,0.0,0.0,0.0,0.0,0.0,0.0,0.0,0.0,0.0,0.0,0.0,0.0,0.0,0.0,0.0,0.0,0.0,0.0,0.0,0.0,0.0,0.0,0.0,0.0,0.0,0.0,0.0,0.0,0.0,0.0,0.0,0.0,0.0,0.0,0.0,0.0,0.0,0.0,0.0,0.0,0.0,0.0,0.0,0.0,0.0,0.0,0.0,0.0,0.0,0.0,0.0,0.0,0.0,0.0,0.0,0.0,0.0,0.0,0.0,0.0,0.0,0.0,0.0,0.0,47.0,47.0,47.0,47.0,47.0,0.0,0.0,0.0,0.0,0.0,0.0,0.0,0.0,0.0,0.0,0.0,0.0,0.0,0.0,0.0,0.0,0.0,0.0,0.0,0.0,0.0,0.0,47.0,47.0,47.0,...
1763028512,870437051,laser,-3.1241390705108643,3.1415927410125732,0.0034828970674425364,5.662055264110677e-05,0.10186037421226501,0.15000000596046448,16.0,inf,inf,inf,inf,inf,inf,inf,inf,inf,inf,13.175999641418457,13.175999641418457,13.175999641418457,13.175999641418457,13.175999641418457,inf,inf,inf,inf,inf,inf,inf,inf,inf,inf,inf,inf,inf,inf,4.51200008392334,4.51200008392334,4.51200008392334,4.51200008392334,4.51200008392334,4.447999954223633,4.447999954223633,4.447999954223633,4.208000183105469,3.799999952316284,3.799999952316284,3.799999952316284,3.75600004196167,3.747999906539917,3.740000009536743,3.74399995803833,3.74399995803833,3.74399995803833,3.740000009536743,inf,inf,2.880000114440918,2.880000114440918,2.880000114440918,2.880000114440918,2.880000114440918,2.819999933242798,2.75600004196167,2.691999912261963,2.624000072479248,2.563999891281128,2.5,2.3440001010894775,2.3440001010894775,2.2880001068115234,2.24399995803833,2.24399995803833,2.1679999828338623,2.1679999828338623,2.128000020980835,2.0880000591278076,2.052000045776367,2.0199999809265137,1.996000051498413,1.9639999866485596,1.9299999475479126,1.8980000019073486,1.871999979019165,1.850000023841858,1.8220000267028809,1.7920000553131104,1.7920000553131104,1.7699999809265137,1.7519999742507935,1.7239999771118164,1.6979999542236328,1.6759999990463257,1.6540000438690186,1.6319999694824219,1.6119999885559082,1.5959999561309814,1.5720000267028809,1.555999994277954,1.5399999618530273,1.5140000581741333,1.5,1.5,1.4880000352859497,1.468000054359436,1.4520000219345093,1.434000015258789,1.4160000085830688,1.406000018119812,1.3880000114440918,1.378000020980835,1.3700000047683716,1.3480000495910645,1.3339999914169312,1.3300000429153442,1.3300000429153442,1.315999984741211,1.2979999780654907,1.2860000133514404,1.2740000486373901,1.2619999647140503,1.25,1.2359999418258667,1.2239999771118164,1.2139999866485596,1.2059999704360962,1.194000005722046,1.194000005722046,1.1799999475479126,1.1579999923706055,1.1579999923706055,1.1480000019073486,1.1399999856948853,1.128000020980835,1.1200000047683716,...,0.0,0.0,0.0,0.0,0.0,0.0,0.0,0.0,0.0,0.0,0.0,0.0,0.0,0.0,0.0,0.0,0.0,0.0,0.0,0.0,0.0,0.0,0.0,0.0,0.0,0.0,0.0,0.0,0.0,0.0,0.0,0.0,0.0,0.0,0.0,0.0,0.0,0.0,0.0,0.0,0.0,0.0,0.0,0.0,0.0,0.0,0.0,0.0,0.0,0.0,0.0,0.0,0.0,0.0,0.0,0.0,0.0,0.0,0.0,0.0,0.0,0.0,0.0,0.0,0.0,0.0,0.0,0.0,0.0,0.0,0.0,0.0,0.0,0.0,0.0,0.0,0.0,0.0,0.0,0.0,0.0,0.0,0.0,0.0,0.0,0.0,0.0,0.0,0.0,0.0,0.0,0.0,0.0,0.0,0.0,0.0,0.0,0.0,0.0,0.0,0.0,0.0,0.0,0.0,0.0,0.0,0.0,0.0,0.0,0.0,0.0,0.0,0.0,0.0,0.0,0.0,0.0,0.0,0.0,0.0,0.0,0.0,0.0,0.0,0.0,0.0,0.0,0.0,...
1763028512,973820642,laser,-3.1241390705108643,3.1415927410125732,0.0034828970674425364,5.7221004681196064e-05,0.10294058918952942,0.15000000596046448,16.0,inf,inf,inf,inf,inf,inf,inf,inf,inf,inf,inf,inf,inf,inf,inf,inf,inf,inf,inf,inf,inf,inf,inf,inf,inf,inf,inf,inf,inf,inf,inf,inf,inf,inf,4.0920000076293945,4.0920000076293945,4.0920000076293945,4.0920000076293945,4.0920000076293945,3.7639999389648438,3.752000093460083,3.752000093460083,3.747999906539917,3.740000009536743,3.740000009536743,3.74399995803833,3.747999906539917,3.74399995803833,3.0,3.0,2.871999979019165,2.871999979019165,2.871999979019165,2.812000036239624,2.812000036239624,2.812000036239624,2.75600004196167,2.75600004196167,2.6440000534057617,2.6440000534057617,2.5999999046325684,2.5439999103546143,2.48799991607666,2.440000057220459,2.384000062942505,2.315999984741211,2.2639999389648438,2.2119998931884766,2.1559998989105225,2.0999999046325684,2.052000045776367,2.0220000743865967,1.9919999837875366,1.9559999704360962,1.9559999704360962,1.9259999990463257,1.8980000019073486,1.8680000305175781,1.840000033378601,1.812000036239624,1.784000039100647,1.75600004196167,1.7380000352859497,1.722000002861023,1.694000005722046,1.6699999570846558,1.6480000019073486,1.6480000019073486,1.6100000143051147,1.5920000076293945,1.5920000076293945,1.5679999589920044,1.5499999523162842,1.534000039100647,1.5180000066757202,1.5,1.4800000190734863,1.4639999866485596,1.4479999542236328,1.4299999475479126,1.4119999408721924,1.3980000019073486,1.3899999856948853,1.3899999856948853,1.378000020980835,1.3660000562667847,1.3480000495910645,1.3279999494552612,1.3259999752044678,1.315999984741211,1.2979999780654907,1.2860000133514404,1.2740000486373901,1.2619999647140503,1.25,1.2380000352859497,1.2380000352859497,1.2120000123977661,1.2120000123977661,1.2039999961853027,1.190000057220459,1.1779999732971191,1.1679999828338623,1.1579999923706055,1.1460000276565552,1.1360000371932983,1.128000020980835,1.1200000047683716,...,0.0,0.0,0.0,0.0,0.0,0.0,0.0,0.0,0.0,0.0,0.0,0.0,0.0,0.0,0.0,0.0,0.0,0.0,0.0,0.0,0.0,0.0,0.0,0.0,0.0,0.0,0.0,0.0,0.0,0.0,0.0,0.0,0.0,0.0,0.0,0.0,0.0,0.0,0.0,0.0,0.0,0.0,0.0,0.0,0.0,0.0,0.0,0.0,0.0,0.0,0.0,0.0,0.0,0.0,0.0,0.0,0.0,0.0,0.0,0.0,0.0,0.0,0.0,0.0,0.0,0.0,0.0,0.0,0.0,0.0,0.0,0.0,0.0,0.0,0.0,0.0,0.0,0.0,0.0,0.0,0.0,0.0,0.0,0.0,0.0,0.0,0.0,0.0,0.0,0.0,0.0,0.0,0.0,0.0,0.0,0.0,0.0,0.0,0.0,0.0,0.0,0.0,0.0,0.0,0.0,0.0,0.0,47.0,47.0,47.0,47.0,47.0,0.0,0.0,0.0,0.0,0.0,0.0,0.0,0.0,0.0,0.0,0.0,0.0,0.0,0.0,0.0,0.0,...
1763028513,78427602,laser,-3.1241390705108643,3.1415927410125732,0.0034828970674425364,5.373190651880577e-05,0.096663698554039,0.15000000596046448,16.0,inf,inf,inf,inf,inf,inf,inf,inf,inf,10.472000122070312,10.472000122070312,10.472000122070312,10.472000122070312,10.472000122070312,inf,inf,inf,inf,inf,inf,inf,inf,inf,inf,inf,inf,inf,inf,inf,inf,inf,inf,inf,inf,inf,inf,3.7639999389648438,3.7639999389648438,3.7639999389648438,3.7639999389648438,3.7639999389648438,3.75600004196167,3.747999906539917,3.74399995803833,3.74399995803833,3.747999906539917,3.747999906539917,3.74399995803833,3.0,3.0,3.0,3.007999897003174,2.871999979019165,2.871999979019165,2.812000036239624,2.812000036239624,2.75600004196167,2.75600004196167,2.6440000534057617,2.5999999046325684,2.5999999046325684,2.5439999103546143,2.48799991607666,2.440000057220459,2.384000062942505,2.319999933242798,2.2639999389648438,2.2160000801086426,2.1600000858306885,2.1040000915527344,2.052000045776367,2.0199999809265137,1.9919999837875366,1.9559999704360962,1.9259999990463257,1.9259999990463257,1.8980000019073486,1.840000033378601,1.840000033378601,1.8140000104904175,1.7879999876022339,1.7640000581741333,1.7419999837875366,1.722000002861023,1.694000005722046,1.6699999570846558,1.6480000019073486,1.6260000467300415,1.6080000400543213,1.590000033378601,1.5679999589920044,1.5679999589920044,1.5499999523162842,1.534000039100647,1.5119999647140503,1.496000051498413,1.4780000448226929,1.4600000381469727,1.444000005722046,1.4259999990463257,1.4179999828338623,1.4040000438690186,1.3940000534057617,1.3819999694824219,1.3660000562667847,1.3519999980926514,1.3519999980926514,1.3339999914169312,1.315999984741211,1.3040000200271606,1.2979999780654907,1.2860000133514404,1.2740000486373901,1.2580000162124634,1.24399995803833,1.2319999933242798,1.222000002861023,1.2139999866485596,1.2020000219345093,1.190000057220459,1.190000057220459,1.1779999732971191,1.1679999828338623,1.1579999923706055,1.1460000276565552,1.1360000371932983,1.128000020980835,1.1180000305175781,...,0.0,0.0,0.0,0.0,0.0,0.0,0.0,0.0,0.0,0.0,0.0,0.0,0.0,0.0,0.0,0.0,0.0,0.0,0.0,0.0,0.0,0.0,0.0,0.0,0.0,0.0,0.0,0.0,0.0,0.0,0.0,0.0,0.0,0.0,0.0,0.0,0.0,0.0,0.0,0.0,0.0,0.0,0.0,0.0,0.0,0.0,0.0,0.0,0.0,0.0,0.0,0.0,0.0,0.0,0.0,0.0,0.0,0.0,0.0,0.0,0.0,0.0,0.0,0.0,0.0,0.0,0.0,0.0,0.0,0.0,0.0,0.0,0.0,0.0,0.0,0.0,0.0,0.0,0.0,0.0,0.0,0.0,0.0,0.0,0.0,0.0,0.0,0.0,0.0,0.0,0.0,0.0,0.0,0.0,0.0,0.0,0.0,0.0,0.0,0.0,0.0,0.0,0.0,0.0,0.0,0.0,0.0,0.0,0.0,47.0,47.0,47.0,47.0,47.0,0.0,0.0,0.0,0.0,0.0,0.0,0.0,0.0,0.0,0.0,0.0,0.0,0.0,0.0,...
1763028513,176622099,laser,-3.1241390705108643,3.1415927410125732,0.0034828970674425364,5.718030297430232e-05,0.10286736488342285,0.15000000596046448,16.0,inf,inf,inf,inf,inf,inf,inf,inf,inf,inf,inf,inf,inf,inf,inf,inf,inf,inf,inf,inf,inf,inf,inf,inf,inf,inf,inf,inf,inf,inf,inf,inf,inf,inf,inf,inf,3.75600004196167,3.75600004196167,3.75600004196167,3.75600004196167,3.75600004196167,3.752000093460083,3.752000093460083,3.747999906539917,3.74399995803833,3.74399995803833,3.74399995803833,inf,inf,2.9000000953674316,2.9000000953674316,2.9000000953674316,2.9000000953674316,2.9000000953674316,2.7880001068115234,2.7880001068115234,2.7880001068115234,2.7039999961853027,2.6559998989105225,2.624000072479248,2.559999942779541,2.492000102996826,2.436000108718872,2.2760000228881836,2.2760000228881836,2.240000009536743,2.240000009536743,2.135999917984009,2.0959999561309814,2.0959999561309814,2.068000078201294,2.0360000133514404,1.9980000257492065,1.968000054359436,1.934000015258789,1.8980000019073486,1.8739999532699585,1.8580000400543213,1.8320000171661377,1.7979999780654907,1.7719999551773071,1.753999948501587,1.7280000448226929,1.7020000219345093,1.7020000219345093,1.6820000410079956,1.6519999504089355,1.6360000371932983,1.621999979019165,1.600000023841858,1.5800000429153442,1.562000036239624,1.5399999618530273,1.5180000066757202,1.503999948501587,1.4900000095367432,1.4900000095367432,1.4759999513626099,1.4639999866485596,1.4359999895095825,1.4220000505447388,1.4119999408721924,1.3980000019073486,1.3880000114440918,1.3660000562667847,1.350000023841858,1.3380000591278076,1.3200000524520874,1.3079999685287476,1.3079999685287476,1.2979999780654907,1.2899999618530273,1.2799999713897705,1.2599999904632568,1.246000051498413,1.2359999418258667,1.2259999513626099,1.2139999866485596,1.2039999961853027,1.194000005722046,1.1820000410079956,1.1720000505447388,1.1720000505447388,1.1540000438690186,1.1540000438690186,1.1440000534057617,1.1319999694824219,1.121999979019165,...,0.0,0.0,0.0,0.0,0.0,0.0,0.0,0.0,0.0,0.0,0.0,0.0,0.0,0.0,0.0,0.0,0.0,0.0,0.0,0.0,0.0,0.0,0.0,0.0,0.0,0.0,0.0,0.0,0.0,0.0,0.0,0.0,0.0,0.0,0.0,0.0,0.0,0.0,0.0,0.0,0.0,0.0,0.0,0.0,0.0,0.0,0.0,0.0,0.0,0.0,0.0,0.0,0.0,0.0,0.0,0.0,0.0,0.0,0.0,0.0,0.0,0.0,0.0,0.0,0.0,0.0,0.0,0.0,0.0,0.0,0.0,0.0,0.0,0.0,0.0,0.0,0.0,0.0,0.0,0.0,0.0,0.0,0.0,0.0,0.0,0.0,0.0,0.0,0.0,0.0,0.0,0.0,0.0,0.0,0.0,0.0,0.0,0.0,0.0,0.0,0.0,0.0,0.0,0.0,0.0,0.0,0.0,0.0,47.0,47.0,47.0,47.0,47.0,0.0,0.0,0.0,0.0,0.0,0.0,0.0,0.0,0.0,0.0,0.0,0.0,0.0,0.0,0.0,...
1763028513,280629597,laser,-3.1241390705108643,3.1415927410125732,0.0034828970674425364,5.7373374147573486e-05,0.10321470350027084,0.15000000596046448,16.0,inf,inf,inf,inf,inf,inf,inf,inf,inf,inf,inf,inf,inf,inf,inf,inf,inf,inf,inf,inf,inf,inf,inf,inf,inf,inf,inf,inf,inf,inf,inf,inf,inf,inf,inf,inf,3.75600004196167,3.75600004196167,3.75600004196167,3.75600004196167,3.75600004196167,3.752000093460083,3.752000093460083,3.74399995803833,3.74399995803833,3.74399995803833,3.74399995803833,3.74399995803833,inf,2.9079999923706055,2.9079999923706055,2.9079999923706055,2.9079999923706055,2.9079999923706055,2.7720000743865967,2.7720000743865967,2.7720000743865967,2.7079999446868896,2.640000104904175,2.572000026702881,2.4119999408721924,2.4119999408721924,2.3519999980926514,2.299999952316284,2.252000093460083,2.252000093460083,2.180000066757202,2.180000066757202,2.135999917984009,2.0959999561309814,2.068000078201294,2.0339999198913574,1.9980000257492065,1.9620000123977661,1.9299999475479126,1.899999976158142,1.8700000047683716,1.8459999561309814,1.8259999752044678,1.7979999780654907,1.7979999780654907,1.7699999809265137,1.7319999933242798,1.7319999933242798,1.7059999704360962,1.6799999475479126,1.6619999408721924,1.6440000534057617,1.621999979019165,1.600000023841858,1.5800000429153442,1.559999942779541,1.5399999618530273,1.5260000228881836,1.5140000581741333,1.4900000095367432,1.4900000095367432,1.4700000286102295,1.4600000381469727,1.440000057220459,1.4199999570846558,1.409999966621399,1.399999976158142,1.3799999952316284,1.3619999885559082,1.3539999723434448,1.340000033378601,1.3259999752044678,1.3140000104904175,1.2960000038146973,1.2960000038146973,1.2760000228881836,1.2760000228881836,1.2599999904632568,1.25,1.2400000095367432,1.2259999513626099,1.2139999866485596,1.2039999961853027,1.194000005722046,1.1820000410079956,1.1720000505447388,1.1660000085830688,1.156000018119812,1.1460000276565552,1.1460000276565552,1.1319999694824219,1.121999979019165,...,0.0,0.0,0.0,0.0,0.0,0.0,0.0,0.0,0.0,0.0,0.0,0.0,0.0,0.0,0.0,0.0,0.0,0.0,0.0,0.0,0.0,0.0,0.0,0.0,0.0,0.0,0.0,0.0,0.0,0.0,0.0,0.0,0.0,0.0,0.0,0.0,0.0,0.0,0.0,0.0,0.0,0.0,0.0,0.0,0.0,0.0,0.0,0.0,0.0,0.0,0.0,0.0,0.0,0.0,0.0,0.0,0.0,0.0,0.0,0.0,0.0,0.0,0.0,0.0,0.0,0.0,0.0,0.0,0.0,0.0,0.0,0.0,0.0,0.0,0.0,0.0,0.0,0.0,0.0,0.0,0.0,0.0,0.0,0.0,0.0,0.0,0.0,0.0,0.0,0.0,0.0,0.0,0.0,0.0,0.0,0.0,0.0,0.0,0.0,0.0,0.0,0.0,0.0,0.0,0.0,0.0,0.0,0.0,0.0,0.0,0.0,0.0,0.0,0.0,0.0,0.0,0.0,0.0,0.0,0.0,0.0,0.0,0.0,0.0,0.0,0.0,0.0,0.0,...
1763028513,385189806,laser,-3.1241390705108643,3.1415927410125732,0.0034828970674425364,5.3863259381614625e-05,0.09690000861883163,0.15000000596046448,16.0,inf,inf,inf,inf,inf,inf,inf,inf,inf,inf,13.175999641418457,13.175999641418457,13.175999641418457,13.175999641418457,13.175999641418457,inf,inf,inf,inf,inf,inf,inf,inf,inf,inf,inf,inf,inf,inf,inf,inf,inf,inf,inf,inf,inf,inf,inf,3.752000093460083,3.752000093460083,3.752000093460083,3.752000093460083,3.752000093460083,3.74399995803833,3.740000009536743,3.740000009536743,3.74399995803833,3.003999948501587,3.003999948501587,2.98799991607666,2.98799991607666,2.98799991607666,2.9639999866485596,2.9200000762939453,2.8399999141693115,2.8399999141693115,2.7760000228881836,2.7079999446868896,2.3919999599456787,2.3919999599456787,2.3919999599456787,2.3919999599456787,2.3399999141693115,2.308000087738037,2.2639999389648438,2.2200000286102295,2.191999912261963,2.0959999561309814,2.069999933242798,2.069999933242798,2.069999933242798,2.0,2.0,1.968000054359436,1.937999963760376,1.9079999923706055,1.8760000467300415,1.8519999980926514,1.8320000171661377,1.7979999780654907,1.7719999551773071,1.7580000162124634,1.7359999418258667,1.7059999704360962,1.6820000410079956,1.6820000410079956,1.6619999408721924,1.6399999856948853,1.6180000305175781,1.600000023841858,1.5820000171661377,1.559999942779541,1.5379999876022339,1.5199999809265137,1.5099999904632568,1.49399995803833,1.4819999933242798,1.465999960899353,1.4459999799728394,1.4259999990463257,1.4119999408721924,1.4119999408721924,1.4019999504089355,1.3799999952316284,1.3619999885559082,1.3580000400543213,1.3420000076293945,1.3259999752044678,1.315999984741211,1.2999999523162842,1.2860000133514404,1.2760000228881836,1.2660000324249268,1.2480000257492065,1.2480000257492065,1.2339999675750732,1.2280000448226929,1.215999960899353,1.2039999961853027,1.194000005722046,1.184000015258789,1.1759999990463257,1.1660000085830688,1.1519999504089355,1.1399999856948853,1.1339999437332153,1.1339999437332153,1.121999979019165,...,0.0,0.0,0.0,0.0,0.0,0.0,0.0,0.0,0.0,0.0,0.0,0.0,0.0,0.0,0.0,0.0,0.0,0.0,0.0,0.0,0.0,0.0,0.0,0.0,0.0,0.0,0.0,0.0,0.0,0.0,0.0,0.0,0.0,0.0,0.0,0.0,0.0,0.0,0.0,0.0,0.0,0.0,0.0,0.0,0.0,0.0,0.0,0.0,0.0,0.0,0.0,0.0,0.0,0.0,0.0,0.0,0.0,0.0,0.0,0.0,0.0,0.0,0.0,0.0,0.0,0.0,0.0,0.0,0.0,0.0,0.0,0.0,0.0,0.0,0.0,0.0,0.0,0.0,0.0,0.0,0.0,0.0,0.0,0.0,0.0,0.0,0.0,0.0,0.0,0.0,0.0,0.0,0.0,0.0,0.0,0.0,0.0,0.0,0.0,0.0,0.0,0.0,0.0,0.0,0.0,0.0,0.0,0.0,0.0,0.0,0.0,0.0,0.0,0.0,0.0,0.0,0.0,0.0,0.0,0.0,0.0,0.0,0.0,0.0,0.0,0.0,0.0,0.0,...
1763028513,483617219,laser,-3.1241390705108643,3.1415927410125732,0.0034828970674425364,5.715556108043529e-05,0.10282285511493683,0.15000000596046448,16.0,inf,inf,inf,inf,inf,inf,inf,inf,inf,inf,inf,inf,inf,inf,inf,inf,inf,inf,inf,inf,inf,inf,inf,inf,inf,inf,inf,inf,inf,inf,inf,inf,inf,inf,3.7639999389648438,3.7639999389648438,3.7639999389648438,3.7639999389648438,3.7639999389648438,3.752000093460083,3.752000093460083,3.752000093460083,3.74399995803833,3.74399995803833,3.740000009536743,3.74399995803833,3.74399995803833,3.74399995803833,3.0,3.0,3.0,3.0,2.9800000190734863,2.9119999408721924,2.6440000534057617,2.5759999752044678,2.5759999752044678,2.5759999752044678,2.5759999752044678,2.496000051498413,2.444000005722046,2.4000000953674316,2.3480000495910645,2.308000087738037,2.2639999389648438,2.2360000610351562,2.2039999961853027,2.1519999504089355,2.1040000915527344,2.069999933242798,2.0380001068115234,2.003999948501587,1.972000002861023,1.972000002861023,1.940000057220459,1.9079999923706055,1.8799999952316284,1.8600000143051147,1.8339999914169312,1.805999994277954,1.7799999713897705,1.7580000162124634,1.7359999418258667,1.7100000381469727,1.690000057220459,1.6660000085830688,1.6660000085830688,1.6419999599456787,1.6200000047683716,1.6019999980926514,1.5859999656677246,1.5640000104904175,1.5379999876022339,1.5260000228881836,1.5160000324249268,1.4980000257492065,1.4819999933242798,1.465999960899353,1.4500000476837158,1.4500000476837158,1.409999966621399,1.409999966621399,1.4019999504089355,1.3860000371932983,1.3700000047683716,1.3580000400543213,1.3420000076293945,1.3279999494552612,1.315999984741211,1.3040000200271606,1.2979999780654907,1.284000039100647,1.2680000066757202,1.253999948501587,1.253999948501587,1.2419999837875366,1.2280000448226929,1.2120000123977661,1.2079999446868896,1.1979999542236328,1.184000015258789,1.1759999990463257,1.1660000085830688,1.1579999923706055,1.1480000019073486,1.1380000114440918,1.1260000467300415,1.1260000467300415,...,0.0,0.0,0.0,0.0,0.0,0.0,0.0,0.0,0.0,0.0,0.0,0.0,0.0,0.0,0.0,0.0,0.0,0.0,0.0,0.0,0.0,0.0,0.0,0.0,0.0,0.0,0.0,0.0,0.0,0.0,0.0,0.0,0.0,0.0,0.0,0.0,0.0,0.0,0.0,0.0,0.0,0.0,0.0,0.0,0.0,0.0,0.0,0.0,0.0,0.0,0.0,0.0,0.0,0.0,0.0,0.0,0.0,0.0,0.0,0.0,0.0,0.0,0.0,0.0,0.0,0.0,0.0,0.0,0.0,0.0,0.0,0.0,0.0,0.0,0.0,0.0,0.0,0.0,0.0,0.0,0.0,0.0,0.0,0.0,0.0,0.0,0.0,0.0,0.0,0.0,0.0,0.0,0.0,0.0,0.0,0.0,0.0,0.0,0.0,0.0,0.0,0.0,0.0,0.0,0.0,0.0,0.0,47.0,47.0,47.0,47.0,47.0,0.0,0.0,0.0,0.0,0.0,0.0,0.0,0.0,0.0,0.0,0.0,0.0,0.0,0.0,0.0,0.0,...
