1763028273,256828889,laser,-3.1241390705108643,3.1415927410125732,0.0034828970674425364,5.73226971027907e-05,0.10312353074550629,0.15000000596046448,16.0,9.416000366210938,9.399999618530273,9.392000198364258,9.399999618530273,9.399999618530273,9.399999618530273,9.407999992370605,9.407999992370605,9.416000366210938,9.407999992370605,inf,inf,inf,inf,inf,inf,inf,inf,inf,inf,inf,inf,inf,inf,inf,inf,inf,inf,inf,inf,inf,inf,inf,inf,inf,inf,3.7839999198913574,3.7839999198913574,3.7839999198913574,3.7839999198913574,3.7839999198913574,3.752000093460083,3.74399995803833,3.7360000610351562,3.7360000610351562,3.740000009536743,3.740000009536743,3.740000009536743,3.01200008392334,3.01200008392334,3.01200008392334,2.9600000381469727,2.759999990463257,2.759999990463257,2.759999990463257,2.759999990463257,2.759999990463257,2.7079999446868896,2.6760001182556152,2.5480000972747803,2.503999948501587,2.503999948501587,2.503999948501587,2.447999954223633,2.308000087738037,2.308000087738037,2.259999990463257,2.2039999961853027,2.1600000858306885,2.115999937057495,2.063999891281128,2.0239999294281006,1.99399995803833,1.9559999704360962,1.9259999990463257,1.899999976158142,1.8760000467300415,1.8519999980926514,1.8200000524520874,1.8200000524520874,1.7920000553131104,1.7719999551773071,1.7480000257492065,1.7259999513626099,1.7020000219345093,1.6720000505447388,1.6519999504089355,1.6339999437332153,1.6119999885559082,1.5920000076293945,1.5740000009536743,1.5520000457763672,1.5360000133514404,1.5219999551773071,1.50600004196167,1.50600004196167,1.4859999418258667,1.472000002861023,1.4579999446868896,1.4320000410079956,1.4179999828338623,1.4119999408721924,1.3980000019073486,1.3839999437332153,1.3639999628067017,1.3539999723434448,1.343999981880188,1.3300000429153442,1.3140000104904175,1.3140000104904175,1.2979999780654907,1.2879999876022339,1.2760000228881836,1.2640000581741333,1.2519999742507935,1.2400000095367432,1.2280000448226929,1.2120000123977661,1.1979999542236328,1.1920000314712524,1.1820000410079956,1.1740000247955322,1.1660000085830688,1.1540000438690186,1.1540000438690186,1.1440000534057617,1.1299999952316284,1.1200000047683716,...,47.0,47.0,47.0,47.0,47.0,47.0,47.0,47.0,47.0,47.0,47.0,47.0,47.0,0.0,0.0,0.0,0.0,0.0,0.0,0.0,0.0,0.0,0.0,0.0,47.0,47.0,47.0,47.0,47.0,0.0,0.0,0.0,0.0,0.0,0.0,0.0,0.0,0.0,0.0,0.0,0.0,0.0,0.0,0.0,0.0,0.0,0.0,0.0,0.0,0.0,0.0,0.0,0.0,0.0,0.0,0.0,0.0,0.0,0.0,0.0,0.0,0.0,0.0,0.0,0.0,0.0,0.0,0.0,0.0,0.0,0.0,0.0,0.0,0.0,0.0,0.0,0.0,0.0,0.0,0.0,0.0,0.0,0.0,0.0,0.0,0.0,0.0,0.0,0.0,0.0,0.0,0.0,0.0,0.0,0.0,0.0,0.0,0.0,0.0,0.0,0.0,0.0,0.0,0.0,0.0,0.0,0.0,47.0,47.0,47.0,47.0,47.0,0.0,0.0,0.0,0.0,0.0,0.0,0.0,0.0,0.0,0.0,0.0,0.0,0.0,0.0,0.0,0.0,...
1763028273,360939565,laser,-3.1241390705108643,3.1415927410125732,0.0034828970674425364,5.404336843639612e-05,0.09722401946783066,0.15000000596046448,16.0,9.407999992370605,9.399999618530273,9.407999992370605,9.399999618530273,9.399999618530273,9.407999992370605,9.407999992370605,9.416000366210938,9.416000366210938,9.399999618530273,inf,inf,inf,inf,inf,inf,inf,inf,inf,inf,inf,inf,inf,inf,inf,inf,inf,inf,inf,inf,inf,inf,inf,inf,inf,3.8239998817443848,3.8239998817443848,3.8239998817443848,3.8239998817443848,3.8239998817443848,3.7639999389648438,3.752000093460083,3.752000093460083,3.74399995803833,3.7360000610351562,3.740000009536743,3.74399995803833,3.740000009536743,3.007999897003174,3.007999897003174,3.0239999294281006,3.0239999294281006,2.8559999465942383,2.7960000038146973,2.7960000038146973,2.7960000038146973,2.7960000038146973,2.752000093460083,2.7039999961853027,2.6600000858306885,2.5999999046325684,2.5399999618530273,2.492000102996826,2.444000005722046,2.3919999599456787,2.3399999141693115,2.2920000553131104,2.24399995803833,2.124000072479248,2.065999984741211,2.065999984741211,2.0260000228881836,1.9919999837875366,1.9539999961853027,1.9539999961853027,1.9259999990463257,1.899999976158142,1.8739999532699585,1.8420000076293945,1.812000036239624,1.7879999876022339,1.7640000581741333,1.74399995803833,1.722000002861023,1.694000005722046,1.6660000085830688,1.649999976158142,1.6339999437332153,1.6119999885559082,1.5859999656677246,1.5859999656677246,1.565999984741211,1.5579999685287476,1.5420000553131104,1.5180000066757202,1.5019999742507935,1.4880000352859497,1.472000002861023,1.4579999446868896,1.444000005722046,1.4320000410079956,1.409999966621399,1.3860000371932983,1.3760000467300415,1.3639999628067017,1.3480000495910645,1.3359999656677246,1.3359999656677246,1.3259999752044678,1.3140000104904175,1.2979999780654907,1.2860000133514404,1.2740000486373901,1.2599999904632568,1.25,1.2359999418258667,1.2239999771118164,1.2120000123977661,1.1979999542236328,1.190000057220459,1.190000057220459,1.1799999475479126,1.1579999923706055,1.1579999923706055,1.1460000276565552,1.1399999856948853,1.1299999952316284,1.1200000047683716,...,47.0,47.0,47.0,47.0,47.0,47.0,47.0,47.0,47.0,47.0,47.0,47.0,47.0,0.0,0.0,0.0,0.0,0.0,0.0,0.0,0.0,0.0,0.0,0.0,0.0,0.0,0.0,0.0,0.0,0.0,0.0,0.0,0.0,0.0,0.0,0.0,0.0,0.0,0.0,0.0,0.0,0.0,0.0,0.0,0.0,0.0,0.0,0.0,0.0,0.0,0.0,0.0,0.0,0.0,0.0,0.0,0.0,0.0,0.0,0.0,0.0,0.0,0.0,0.0,0.0,0.0,0.0,0.0,0.0,0.0,0.0,0.0,0.0,0.0,0.0,0.0,0.0,0.0,0.0,0.0,0.0,0.0,0.0,0.0,0.0,0.0,0.0,0.0,0.0,0.0,0.0,0.0,0.0,0.0,0.0,0.0,0.0,47.0,47.0,47.0,47.0,47.0,0.0,0.0,0.0,0.0,0.0,0.0,0.0,0.0,0.0,0.0,0.0,0.0,0.0,0.0,0.0,0.0,0.0,0.0,0.0,0.0,0.0,0.0,47.0,47.0,47.0,47.0,...
1763028273,459836514,laser,-3.1241390705108643,3.1415927410125732,0.0034828970674425364,5.71462805964984e-05,0.10280615836381912,0.15000000596046448,16.0,9.407999992370605,9.392000198364258,9.399999618530273,9.399999618530273,9.399999618530273,9.399999618530273,9.416000366210938,9.416000366210938,9.423999786376953,9.399999618530273,inf,inf,inf,inf,inf,inf,inf,inf,inf,inf,inf,inf,inf,inf,inf,inf,inf,inf,inf,inf,inf,inf,inf,inf,inf,inf,inf,3.75600004196167,3.75600004196167,3.75600004196167,3.75600004196167,3.75600004196167,3.747999906539917,3.740000009536743,3.740000009536743,3.740000009536743,3.740000009536743,3.740000009536743,3.0,2.871999979019165,2.871999979019165,2.871999979019165,2.871999979019165,2.875999927520752,2.875999927520752,2.8320000171661377,2.7679998874664307,2.7079999446868896,2.671999931335449,2.628000020980835,2.568000078201294,2.5160000324249268,2.4679999351501465,2.4679999351501465,2.3559999465942383,2.3559999465942383,2.319999933242798,2.2760000228881836,2.2279999256134033,2.171999931335449,2.124000072479248,2.063999891281128,2.01200008392334,1.965999960899353,1.934000015258789,1.906000018119812,1.878000020980835,1.8519999980926514,1.8200000524520874,1.7940000295639038,1.7719999551773071,1.7719999551773071,1.7380000352859497,1.7380000352859497,1.7120000123977661,1.6759999990463257,1.6540000438690186,1.6360000371932983,1.6119999885559082,1.5920000076293945,1.5740000009536743,1.5540000200271606,1.5360000133514404,1.5260000228881836,1.5119999647140503,1.49399995803833,1.4780000448226929,1.4780000448226929,1.4539999961853027,1.4240000247955322,1.4240000247955322,1.4160000085830688,1.3980000019073486,1.3860000371932983,1.3700000047683716,1.3559999465942383,1.343999981880188,1.3300000429153442,1.3140000104904175,1.2999999523162842,1.2879999876022339,1.2740000486373901,1.2599999904632568,1.2599999904632568,1.25,1.2380000352859497,1.2300000190734863,1.218000054359436,1.2020000219345093,1.1920000314712524,1.184000015258789,1.1740000247955322,1.1660000085830688,1.1540000438690186,1.1440000534057617,1.1339999437332153,1.1339999437332153,1.1239999532699585,...,47.0,47.0,47.0,47.0,47.0,47.0,47.0,47.0,47.0,47.0,47.0,47.0,47.0,47.0,0.0,0.0,0.0,0.0,0.0,0.0,0.0,0.0,0.0,0.0,0.0,0.0,0.0,0.0,0.0,0.0,0.0,0.0,0.0,0.0,0.0,0.0,0.0,0.0,0.0,0.0,0.0,0.0,0.0,0.0,0.0,0.0,0.0,0.0,0.0,0.0,0.0,0.0,0.0,0.0,0.0,0.0,0.0,0.0,0.0,0.0,0.0,0.0,0.0,0.0,0.0,0.0,0.0,0.0,0.0,0.0,0.0,0.0,0.0,0.0,0.0,0.0,0.0,0.0,0.0,0.0,0.0,0.0,0.0,0.0,0.0,0.0,0.0,0.0,0.0,0.0,0.0,0.0,0.0,0.0,0.0,0.0,0.0,0.0,0.0,0.0,0.0,0.0,0.0,0.0,0.0,0.0,0.0,0.0,0.0,0.0,0.0,0.0,0.0,0.0,0.0,0.0,0.0,0.0,0.0,0.0,0.0,0.0,0.0,0.0,0.0,0.0,0.0,0.0,...
1763028273,564311917,laser,-3.1241390705108643,3.1415927410125732,0.0034828970674425364,5.711770063498989e-05,0.10275474190711975,0.15000000596046448,16.0,9.407999992370605,9.407999992370605,9.407999992370605,9.392000198364258,9.407999992370605,9.407999992370605,9.416000366210938,9.423999786376953,9.399999618530273,9.399999618530273,inf,inf,inf,inf,inf,inf,inf,inf,inf,inf,inf,inf,inf,inf,inf,inf,inf,inf,inf,inf,inf,inf,inf,inf,inf,3.7799999713897705,3.7799999713897705,3.7799999713897705,3.7799999713897705,3.7799999713897705,3.752000093460083,3.752000093460083,3.747999906539917,3.740000009536743,3.740000009536743,3.74399995803833,3.74399995803833,3.740000009536743,2.98799991607666,2.98799991607666,2.98799991607666,2.9560000896453857,2.9560000896453857,2.9079999923706055,2.8559999465942383,2.7960000038146973,2.747999906539917,2.7039999961853027,2.6559998989105225,2.6040000915527344,2.6040000915527344,2.5439999103546143,2.496000051498413,2.447999954223633,2.3959999084472656,2.3519999980926514,2.240000009536743,2.184000015258789,2.184000015258789,2.124000072479248,2.072000026702881,2.0299999713897705,1.9900000095367432,1.9539999961853027,1.9240000247955322,1.8980000019073486,1.8739999532699585,1.850000023841858,1.815999984741211,1.7860000133514404,1.7860000133514404,1.7640000581741333,1.7419999837875366,1.7239999771118164,1.7000000476837158,1.6720000505447388,1.6519999504089355,1.6360000371932983,1.6160000562667847,1.5959999561309814,1.5720000267028809,1.5499999523162842,1.5299999713897705,1.5119999647140503,1.5019999742507935,1.5019999742507935,1.4900000095367432,1.4759999513626099,1.4600000381469727,1.4420000314712524,1.4279999732971191,1.4119999408721924,1.3980000019073486,1.3819999694824219,1.3680000305175781,1.350000023841858,1.3359999656677246,1.3240000009536743,1.309999942779541,1.309999942779541,1.2999999523162842,1.2860000133514404,1.2740000486373901,1.2599999904632568,1.25,1.2380000352859497,1.2259999513626099,1.215999960899353,1.2020000219345093,1.190000057220459,1.1799999475479126,1.1720000505447388,1.1720000505447388,1.1540000438690186,1.1540000438690186,1.1440000534057617,1.1319999694824219,1.121999979019165,...,47.0,47.0,47.0,47.0,47.0,47.0,47.0,47.0,47.0,47.0,47.0,47.0,47.0,47.0,47.0,0.0,0.0,0.0,0.0,0.0,0.0,0.0,0.0,0.0,0.0,0.0,0.0,0.0,0.0,0.0,0.0,0.0,0.0,0.0,0.0,0.0,0.0,0.0,0.0,0.0,0.0,0.0,0.0,0.0,0.0,0.0,0.0,0.0,0.0,0.0,0.0,0.0,0.0,0.0,0.0,0.0,0.0,0.0,0.0,0.0,0.0,0.0,0.0,0.0,0.0,0.0,0.0,0.0,0.0,0.0,0.0,0.0,0.0,0.0,0.0,0.0,0.0,0.0,0.0,0.0,0.0,0.0,0.0,0.0,0.0,0.0,0.0,0.0,0.0,0.0,0.0,0.0,0.0,0.0,0.0,0.0,0.0,0.0,0.0,0.0,0.0,0.0,0.0,0.0,0.0,0.0,0.0,0.0,0.0,0.0,0.0,0.0,0.0,0.0,0.0,0.0,0.0,0.0,0.0,0.0,0.0,0.0,0.0,0.0,0.0,0.0,0.0,0.0,...
1763028273,668713043,laser,-3.1241390705108643,3.1415927410125732,0.0034828970674425364,5.70864140172489e-05,0.10269846022129059,0.15000000596046448,16.0,9.416000366210938,9.407999992370605,9.407999992370605,9.399999618530273,9.399999618530273,9.407999992370605,9.407999992370605,9.416000366210938,9.423999786376953,9.407999992370605,inf,inf,inf,inf,inf,inf,inf,inf,inf,inf,inf,inf,inf,inf,inf,inf,inf,inf,inf,inf,inf,inf,inf,3.812000036239624,3.812000036239624,3.812000036239624,3.812000036239624,3.812000036239624,3.75600004196167,3.75600004196167,3.75600004196167,3.75600004196167,3.75600004196167,3.74399995803833,3.74399995803833,3.74399995803833,3.74399995803833,3.74399995803833,2.880000114440918,2.880000114440918,2.880000114440918,2.880000114440918,2.880000114440918,2.888000011444092,2.888000011444092,2.828000068664551,2.7679998874664307,2.7079999446868896,2.6679999828338623,2.619999885559082,2.559999942779541,2.507999897003174,2.507999897003174,2.4600000381469727,2.303999900817871,2.303999900817871,2.252000093460083,2.196000099182129,2.1480000019073486,2.1040000915527344,2.065999984741211,2.0299999713897705,1.9980000257492065,1.965999960899353,1.9359999895095825,1.906000018119812,1.8680000305175781,1.843999981880188,1.815999984741211,1.7860000133514404,1.7860000133514404,1.7640000581741333,1.7419999837875366,1.7200000286102295,1.6959999799728394,1.6779999732971191,1.659999966621399,1.6360000371932983,1.6180000305175781,1.5980000495910645,1.5740000009536743,1.5579999685287476,1.5379999876022339,1.5160000324249268,1.50600004196167,1.50600004196167,1.4980000257492065,1.4859999418258667,1.4579999446868896,1.4299999475479126,1.4240000247955322,1.4160000085830688,1.399999976158142,1.3860000371932983,1.3700000047683716,1.3519999980926514,1.3380000591278076,1.3279999494552612,1.3140000104904175,1.3140000104904175,1.2979999780654907,1.2860000133514404,1.2740000486373901,1.2660000324249268,1.25,1.2339999675750732,1.2259999513626099,1.2139999866485596,1.2020000219345093,1.1920000314712524,1.1820000410079956,1.1740000247955322,1.1660000085830688,1.1540000438690186,1.1540000438690186,1.1440000534057617,1.1319999694824219,1.1239999532699585,...,47.0,47.0,47.0,47.0,47.0,47.0,47.0,47.0,47.0,47.0,47.0,47.0,47.0,0.0,0.0,0.0,0.0,0.0,0.0,0.0,0.0,0.0,0.0,0.0,47.0,47.0,47.0,47.0,47.0,47.0,47.0,47.0,47.0,0.0,0.0,0.0,0.0,0.0,0.0,0.0,0.0,0.0,0.0,0.0,0.0,0.0,0.0,0.0,0.0,0.0,0.0,0.0,0.0,0.0,0.0,0.0,0.0,0.0,0.0,0.0,0.0,0.0,0.0,0.0,0.0,0.0,0.0,0.0,0.0,0.0,0.0,0.0,0.0,0.0,0.0,0.0,0.0,0.0,0.0,0.0,0.0,0.0,0.0,0.0,0.0,0.0,0.0,47.0,47.0,47.0,47.0,47.0,0.0,0.0,0.0,0.0,0.0,0.0,0.0,0.0,0.0,0.0,0.0,0.0,0.0,0.0,0.0,47.0,47.0,47.0,47.0,47.0,0.0,0.0,0.0,0.0,0.0,0.0,0.0,0.0,0.0,0.0,0.0,0.0,0.0,0.0,0.0,0.0,...
1763028273,773267980,laser,-3.1241390705108643,3.1415927410125732,0.0034828970674425364,5.353440064936876e-05,0.0963083878159523,0.15000000596046448,16.0,9.416000366210938,9.416000366210938,9.416000366210938,9.407999992370605,9.399999618530273,9.407999992370605,9.416000366210938,9.416000366210938,9.416000366210938,9.416000366210938,inf,inf,inf,inf,inf,inf,inf,inf,inf,inf,inf,inf,inf,inf,inf,inf,inf,inf,inf,inf,inf,inf,inf,inf,inf,3.7799999713897705,3.7799999713897705,3.7799999713897705,3.7799999713897705,3.7799999713897705,3.752000093460083,3.752000093460083,3.752000093460083,3.74399995803833,3.74399995803833,3.74399995803833,3.74399995803833,2.9639999866485596,2.9639999866485596,2.9639999866485596,2.9639999866485596,2.9639999866485596,2.944000005722046,2.7880001068115234,2.7880001068115234,2.7880001068115234,2.7200000286102295,2.7200000286102295,2.6600000858306885,2.5920000076293945,2.5280001163482666,2.375999927520752,2.2200000286102295,2.2200000286102295,2.2200000286102295,2.187999963760376,2.187999963760376,2.1480000019073486,2.1040000915527344,2.062000036239624,2.062000036239624,2.00600004196167,2.00600004196167,1.9739999771118164,1.940000057220459,1.9119999408721924,1.8839999437332153,1.8580000400543213,1.8300000429153442,1.8020000457763672,1.7799999713897705,1.753999948501587,1.7319999933242798,1.7079999446868896,1.684000015258789,1.659999966621399,1.659999966621399,1.6460000276565552,1.6260000467300415,1.6039999723434448,1.5820000171661377,1.562000036239624,1.5499999523162842,1.527999997138977,1.5099999904632568,1.4980000257492065,1.4819999933242798,1.4639999866485596,1.4520000219345093,1.4359999895095825,1.4160000085830688,1.399999976158142,1.399999976158142,1.3860000371932983,1.371999979019165,1.3580000400543213,1.350000023841858,1.3339999914169312,1.3179999589920044,1.3079999685287476,1.2920000553131104,1.2799999713897705,1.2699999809265137,1.253999948501587,1.2419999837875366,1.2319999933242798,1.2319999933242798,1.2039999961853027,1.1959999799728394,1.1959999799728394,1.190000057220459,1.1799999475479126,1.1679999828338623,1.1540000438690186,1.1440000534057617,1.1360000371932983,1.1260000467300415,1.1160000562667847,...,47.0,47.0,47.0,47.0,47.0,47.0,47.0,47.0,47.0,47.0,47.0,47.0,47.0,47.0,47.0,0.0,0.0,0.0,0.0,0.0,0.0,0.0,0.0,0.0,0.0,0.0,0.0,0.0,0.0,0.0,0.0,0.0,0.0,0.0,0.0,0.0,0.0,0.0,0.0,0.0,0.0,0.0,0.0,0.0,0.0,0.0,0.0,0.0,0.0,0.0,0.0,0.0,0.0,0.0,0.0,0.0,0.0,0.0,0.0,0.0,0.0,0.0,0.0,0.0,0.0,0.0,0.0,0.0,0.0,0.0,0.0,0.0,0.0,0.0,0.0,0.0,0.0,0.0,0.0,0.0,0.0,0.0,0.0,0.0,0.0,0.0,0.0,0.0,0.0,0.0,0.0,0.0,0.0,0.0,0.0,0.0,0.0,0.0,0.0,0.0,0.0,0.0,0.0,0.0,0.0,0.0,0.0,0.0,0.0,47.0,47.0,47.0,47.0,47.0,0.0,0.0,0.0,0.0,0.0,0.0,0.0,0.0,47.0,47.0,47.0,47.0,47.0,0.0,...
1763028273,871465911,laser,-3.1241390705108643,3.1415927410125732,0.0034828970674425364,5.698485256289132e-05,0.10251574963331223,0.15000000596046448,16.0,9.416000366210938,9.416000366210938,9.407999992370605,9.407999992370605,9.407999992370605,9.399999618530273,9.407999992370605,9.407999992370605,9.416000366210938,9.407999992370605,inf,inf,inf,inf,inf,inf,inf,inf,inf,inf,inf,inf,inf,inf,inf,inf,inf,inf,inf,inf,inf,inf,inf,inf,3.75600004196167,3.75600004196167,3.75600004196167,3.75600004196167,3.75600004196167,3.747999906539917,3.747999906539917,3.747999906539917,3.747999906539917,3.740000009536743,3.740000009536743,3.74399995803833,3.74399995803833,2.9079999923706055,2.9079999923706055,2.9079999923706055,2.9079999923706055,2.9079999923706055,2.7760000228881836,2.7760000228881836,2.7760000228881836,2.7760000228881836,2.7079999446868896,2.7079999446868896,2.6559998989105225,2.4839999675750732,2.4839999675750732,2.3559999465942383,2.252000093460083,2.252000093460083,2.252000093460083,2.2079999446868896,2.1760001182556152,2.1440000534057617,2.1040000915527344,2.062000036239624,2.062000036239624,2.0,1.9739999771118164,1.9739999771118164,1.940000057220459,1.909999966621399,1.8819999694824219,1.8580000400543213,1.8300000429153442,1.7999999523162842,1.7760000228881836,1.753999948501587,1.7300000190734863,1.7020000219345093,1.6799999475479126,1.659999966621399,1.6339999437332153,1.6160000562667847,1.6039999723434448,1.6039999723434448,1.5859999656677246,1.562000036239624,1.5420000553131104,1.531999945640564,1.5160000324249268,1.4919999837875366,1.4759999513626099,1.4539999961853027,1.4320000410079956,1.4199999570846558,1.4079999923706055,1.3980000019073486,1.3980000019073486,1.3860000371932983,1.3700000047683716,1.3559999465942383,1.3459999561309814,1.3300000429153442,1.3140000104904175,1.2999999523162842,1.2879999876022339,1.2760000228881836,1.2660000324249268,1.2519999742507935,1.2519999742507935,1.2400000095367432,1.2300000190734863,1.2139999866485596,1.2020000219345093,1.1959999799728394,1.1859999895095825,1.1759999990463257,1.1660000085830688,1.1540000438690186,1.1460000276565552,1.1380000114440918,1.128000020980835,1.128000020980835,...,47.0,47.0,47.0,47.0,47.0,47.0,47.0,47.0,47.0,47.0,47.0,47.0,47.0,47.0,47.0,0.0,0.0,0.0,0.0,0.0,0.0,0.0,0.0,0.0,0.0,0.0,0.0,0.0,0.0,0.0,0.0,0.0,0.0,0.0,0.0,0.0,0.0,0.0,0.0,0.0,0.0,0.0,0.0,0.0,0.0,0.0,0.0,0.0,0.0,0.0,0.0,0.0,0.0,0.0,0.0,0.0,0.0,0.0,0.0,0.0,0.0,0.0,0.0,0.0,0.0,0.0,0.0,0.0,0.0,0.0,0.0,0.0,0.0,0.0,0.0,0.0,0.0,0.0,0.0,0.0,0.0,0.0,0.0,0.0,0.0,0.0,0.0,0.0,0.0,0.0,0.0,0.0,0.0,0.0,0.0,0.0,0.0,0.0,0.0,0.0,0.0,0.0,0.0,0.0,0.0,0.0,0.0,0.0,0.0,47.0,47.0,47.0,47.0,47.0,0.0,0.0,0.0,0.0,0.0,0.0,0.0,0.0,0.0,0.0,0.0,0.0,0.0,0.0,...
1763028273,976070643,laser,-3.1241390705108643,3.1415927410125732,0.0034828970674425364,5.684442294295877e-05,0.10226311534643173,0.15000000596046448,16.0,9.423999786376953,9.423999786376953,9.407999992370605,9.407999992370605,9.407999992370605,9.407999992370605,9.399999618530273,9.407999992370605,9.416000366210938,inf,inf,inf,inf,inf,inf,inf,inf,inf,inf,inf,inf,inf,inf,inf,inf,inf,inf,inf,inf,inf,inf,inf,inf,inf,3.75600004196167,3.75600004196167,3.75600004196167,3.75600004196167,3.75600004196167,3.799999952316284,3.799999952316284,3.75600004196167,3.747999906539917,3.740000009536743,3.740000009536743,3.74399995803833,3.74399995803833,3.740000009536743,inf,2.884000062942505,2.884000062942505,2.884000062942505,2.884000062942505,2.884000062942505,2.815999984741211,2.815999984741211,2.74399995803833,2.6679999828338623,2.368000030517578,2.368000030517578,2.319999933242798,2.319999933242798,2.319999933242798,2.2880001068115234,2.2880001068115234,2.247999906539917,2.2160000801086426,2.184000015258789,2.131999969482422,2.0920000076293945,2.063999891281128,2.0299999713897705,1.9859999418258667,1.9559999704360962,1.9320000410079956,1.899999976158142,1.8700000047683716,1.8480000495910645,1.8220000267028809,1.7960000038146973,1.7960000038146973,1.7699999809265137,1.746000051498413,1.7239999771118164,1.6979999542236328,1.6759999990463257,1.656000018119812,1.6339999437332153,1.6160000562667847,1.5980000495910645,1.5740000009536743,1.5520000457763672,1.534000039100647,1.5180000066757202,1.5019999742507935,1.5019999742507935,1.4859999418258667,1.472000002861023,1.4539999961853027,1.4320000410079956,1.4199999570846558,1.4019999504089355,1.3860000371932983,1.3700000047683716,1.3600000143051147,1.3559999465942383,1.3420000076293945,1.3220000267028809,1.305999994277954,1.305999994277954,1.2979999780654907,1.2879999876022339,1.2740000486373901,1.2619999647140503,1.2480000257492065,1.2380000352859497,1.2280000448226929,1.2139999866485596,1.2020000219345093,1.1920000314712524,1.1820000410079956,1.1740000247955322,1.1740000247955322,1.149999976158142,1.149999976158142,1.1399999856948853,1.1319999694824219,1.1239999532699585,...,47.0,47.0,47.0,47.0,47.0,47.0,47.0,47.0,47.0,47.0,47.0,47.0,47.0,47.0,47.0,0.0,0.0,0.0,0.0,0.0,0.0,0.0,0.0,0.0,0.0,0.0,0.0,0.0,0.0,0.0,0.0,0.0,0.0,0.0,0.0,0.0,0.0,0.0,0.0,0.0,0.0,0.0,0.0,0.0,0.0,0.0,0.0,0.0,0.0,0.0,0.0,0.0,0.0,0.0,0.0,0.0,0.0,0.0,0.0,0.0,0.0,0.0,0.0,0.0,0.0,0.0,0.0,0.0,0.0,0.0,0.0,0.0,0.0,0.0,0.0,0.0,0.0,0.0,0.0,0.0,0.0,0.0,0.0,0.0,0.0,0.0,0.0,0.0,0.0,0.0,0.0,0.0,0.0,0.0,0.0,0.0,0.0,0.0,0.0,0.0,0.0,0.0,0.0,0.0,0.0,0.0,0.0,0.0,0.0,47.0,47.0,47.0,47.0,47.0,0.0,0.0,0.0,0.0,0.0,0.0,0.0,0.0,0.0,0.0,0.0,0.0,0.0,0.0,...
1763028274,79768154,laser,-3.1241390705108643,3.1415927410125732,0.0034828970674425364,5.392812454374507e-05,0.09701669961214066,0.15000000596046448,16.0,9.432000160217285,9.432000160217285,9.423999786376953,9.416000366210938,9.416000366210938,9.407999992370605,9.399999618530273,9.407999992370605,9.416000366210938,9.416000366210938,inf,inf,inf,inf,inf,inf,inf,inf,inf,inf,inf,inf,inf,inf,inf,inf,inf,inf,inf,inf,inf,inf,inf,inf,inf,inf,3.75600004196167,3.75600004196167,3.75600004196167,3.75600004196167,3.75600004196167,3.74399995803833,3.74399995803833,3.7360000610351562,3.740000009536743,3.74399995803833,3.74399995803833,3.0,3.0,3.0,2.9760000705718994,2.9760000705718994,2.9760000705718994,2.936000108718872,2.884000062942505,2.5480000972747803,2.5480000972747803,inf,2.299999952316284,2.299999952316284,2.299999952316284,2.299999952316284,2.299999952316284,2.25600004196167,2.25600004196167,2.2079999446868896,2.171999931335449,2.135999917984009,2.135999917984009,2.0920000076293945,2.059999942779541,2.0280001163482666,1.99399995803833,1.9620000123977661,1.940000057220459,1.9079999923706055,1.878000020980835,1.8559999465942383,1.8240000009536743,1.7979999780654907,1.777999997138977,1.753999948501587,1.7300000190734863,1.7059999704360962,1.7059999704360962,1.6740000247955322,1.6540000438690186,1.6380000114440918,1.6160000562667847,1.6019999980926514,1.5839999914169312,1.562000036239624,1.5360000133514404,1.5140000581741333,1.503999948501587,1.496000051498413,1.4780000448226929,1.4579999446868896,1.4579999446868896,1.4240000247955322,1.4240000247955322,1.4119999408721924,1.3960000276565552,1.3819999694824219,1.3680000305175781,1.3539999723434448,1.3420000076293945,1.3279999494552612,1.3140000104904175,1.2999999523162842,1.2879999876022339,1.2760000228881836,1.2640000581741333,1.2640000581741333,1.25,1.2380000352859497,1.2259999513626099,1.2139999866485596,1.2020000219345093,1.1959999799728394,1.1859999895095825,1.1759999990463257,1.1660000085830688,1.156000018119812,1.1460000276565552,1.1360000371932983,1.1360000371932983,1.1239999532699585,...,47.0,47.0,47.0,47.0,47.0,47.0,47.0,47.0,47.0,47.0,47.0,47.0,47.0,0.0,0.0,0.0,0.0,0.0,0.0,0.0,0.0,0.0,0.0,0.0,0.0,0.0,0.0,0.0,0.0,0.0,0.0,0.0,0.0,0.0,0.0,0.0,0.0,0.0,0.0,0.0,0.0,0.0,0.0,0.0,0.0,0.0,0.0,0.0,0.0,0.0,0.0,0.0,0.0,0.0,0.0,0.0,0.0,0.0,0.0,0.0,0.0,0.0,0.0,0.0,0.0,0.0,0.0,0.0,0.0,0.0,0.0,0.0,0.0,0.0,0.0,0.0,0.0,0.0,0.0,0.0,0.0,0.0,0.0,0.0,0.0,0.0,0.0,0.0,0.0,0.0,0.0,0.0,0.0,0.0,0.0,0.0,0.0,0.0,0.0,0.0,0.0,0.0,0.0,0.0,0.0,0.0,0.0,0.0,47.0,47.0,47.0,47.0,47.0,0.0,0.0,0.0,0.0,0.0,0.0,0.0,0.0,0.0,0.0,0.0,0.0,0.0,0.0,0.0,...
1763028274,178572288,laser,-3.1241390705108643,3.1415927410125732,0.0034828970674425364,5.698818858945742e-05,0.10252174735069275,0.15000000596046448,16.0,9.432000160217285,9.432000160217285,9.416000366210938,9.416000366210938,9.416000366210938,9.407999992370605,9.399999618530273,9.407999992370605,9.416000366210938,9.407999992370605,inf,inf,inf,inf,inf,inf,inf,inf,inf,inf,inf,inf,inf,inf,inf,inf,inf,inf,inf,inf,inf,inf,inf,4.111999988555908,4.111999988555908,4.111999988555908,4.111999988555908,4.111999988555908,4.039999961853027,4.039999961853027,3.752000093460083,3.74399995803833,3.74399995803833,3.7360000610351562,3.740000009536743,3.740000009536743,3.740000009536743,3.740000009536743,2.996000051498413,2.996000051498413,2.9679999351501465,2.9679999351501465,2.9679999351501465,2.9079999923706055,2.8320000171661377,2.635999917984009,2.635999917984009,2.5759999752044678,2.5239999294281006,2.4560000896453857,2.4079999923706055,2.364000082015991,2.3239998817443848,2.2760000228881836,2.2360000610351562,2.2360000610351562,2.1679999828338623,2.1679999828338623,2.131999969482422,2.0840001106262207,2.052000045776367,2.0280001163482666,1.9880000352859497,1.9539999961853027,1.9299999475479126,1.899999976158142,1.871999979019165,1.850000023841858,1.8200000524520874,1.7940000295639038,1.7680000066757202,1.7680000066757202,1.718000054359436,1.718000054359436,1.6959999799728394,1.6740000247955322,1.6519999504089355,1.6299999952316284,1.6119999885559082,1.5920000076293945,1.5740000009536743,1.5540000200271606,1.531999945640564,1.5180000066757202,1.50600004196167,1.50600004196167,1.4859999418258667,1.468000054359436,1.4459999799728394,1.4299999475479126,1.4179999828338623,1.399999976158142,1.3860000371932983,1.3700000047683716,1.3600000143051147,1.3519999980926514,1.3339999914169312,1.3220000267028809,1.3220000267028809,1.305999994277954,1.2940000295639038,1.2879999876022339,1.2760000228881836,1.25600004196167,1.24399995803833,1.2380000352859497,1.2239999771118164,1.2120000123977661,1.2020000219345093,1.1920000314712524,1.1920000314712524,1.1820000410079956,1.1699999570846558,1.1579999923706055,1.149999976158142,1.1419999599456787,1.1299999952316284,1.121999979019165,...,47.0,47.0,47.0,47.0,47.0,47.0,47.0,47.0,47.0,47.0,47.0,47.0,47.0,47.0,0.0,0.0,0.0,0.0,0.0,0.0,0.0,0.0,0.0,0.0,0.0,0.0,0.0,0.0,0.0,0.0,0.0,0.0,0.0,0.0,0.0,0.0,0.0,0.0,0.0,0.0,0.0,0.0,0.0,0.0,0.0,0.0,0.0,0.0,0.0,0.0,0.0,0.0,0.0,0.0,0.0,0.0,0.0,0.0,0.0,0.0,0.0,0.0,0.0,0.0,0.0,0.0,0.0,0.0,0.0,0.0,0.0,0.0,0.0,0.0,0.0,0.0,0.0,0.0,0.0,0.0,0.0,0.0,0.0,0.0,0.0,0.0,0.0,0.0,47.0,47.0,47.0,47.0,47.0,0.0,0.0,0.0,0.0,0.0,0.0,0.0,0.0,0.0,0.0,0.0,0.0,0.0,0.0,0.0,0.0,0.0,0.0,0.0,0.0,0.0,0.0,0.0,0.0,0.0,0.0,0.0,0.0,0.0,47.0,47.0,47.0,47.0,47.0,47.0,...
1763028274,282831677,laser,-3.1241390705108643,3.1415927410125732,0.0034828970674425364,5.707056698156521e-05,0.10266995429992676,0.15000000596046448,16.0,9.432000160217285,9.432000160217285,9.432000160217285,9.416000366210938,9.423999786376953,9.416000366210938,9.407999992370605,9.416000366210938,9.416000366210938,inf,inf,inf,inf,inf,inf,inf,inf,inf,inf,inf,inf,inf,inf,inf,inf,inf,inf,inf,inf,4.552000045776367,4.552000045776367,4.552000045776367,4.552000045776367,4.552000045776367,4.455999851226807,4.383999824523926,4.383999824523926,4.28000020980835,4.168000221252441,3.7679998874664307,3.747999906539917,3.747999906539917,3.7360000610351562,3.7360000610351562,3.7360000610351562,3.740000009536743,3.74399995803833,3.740000009536743,2.996000051498413,2.996000051498413,2.9679999351501465,2.9679999351501465,2.9679999351501465,2.799999952316284,2.799999952316284,2.631999969482422,2.572000026702881,2.572000026702881,2.507999897003174,2.507999897003174,2.4079999923706055,2.4079999923706055,2.359999895095825,2.303999900817871,2.25600004196167,2.2239999771118164,2.191999912261963,2.1559998989105225,2.1040000915527344,2.068000078201294,2.0439999103546143,2.0179998874664307,1.9800000190734863,1.9479999542236328,1.9479999542236328,1.9240000247955322,1.8919999599456787,1.8680000305175781,1.8359999656677246,1.8079999685287476,1.781999945640564,1.753999948501587,1.7339999675750732,1.718000054359436,1.6859999895095825,1.659999966621399,1.6460000276565552,1.6460000276565552,1.6039999723434448,1.5839999914169312,1.5839999914169312,1.5679999589920044,1.5540000200271606,1.5360000133514404,1.5160000324249268,1.5,1.4859999418258667,1.4620000123977661,1.444000005722046,1.4299999475479126,1.4140000343322754,1.399999976158142,1.3899999856948853,1.3899999856948853,1.3739999532699585,1.3600000143051147,1.350000023841858,1.3359999656677246,1.3140000104904175,1.2979999780654907,1.2879999876022339,1.284000039100647,1.2760000228881836,1.25600004196167,1.2400000095367432,1.2319999933242798,1.2319999933242798,1.2020000219345093,1.2020000219345093,1.1959999799728394,1.187999963760376,1.1779999732971191,1.1699999570846558,1.1579999923706055,1.1480000019073486,1.1360000371932983,1.1239999532699585,1.1180000305175781,...,47.0,47.0,47.0,47.0,47.0,47.0,47.0,47.0,47.0,47.0,47.0,47.0,47.0,47.0,0.0,0.0,0.0,0.0,0.0,0.0,0.0,0.0,0.0,0.0,0.0,0.0,0.0,0.0,0.0,0.0,0.0,0.0,0.0,0.0,0.0,0.0,0.0,0.0,0.0,0.0,0.0,0.0,0.0,0.0,0.0,0.0,0.0,0.0,0.0,0.0,0.0,0.0,0.0,0.0,0.0,0.0,0.0,0.0,0.0,0.0,0.0,0.0,0.0,0.0,0.0,0.0,0.0,0.0,0.0,0.0,0.0,0.0,0.0,0.0,0.0,0.0,0.0,0.0,0.0,0.0,0.0,0.0,0.0,0.0,0.0,0.0,0.0,0.0,0.0,0.0,0.0,0.0,0.0,0.0,0.0,0.0,0.0,0.0,0.0,0.0,0.0,0.0,0.0,0.0,0.0,0.0,0.0,0.0,0.0,0.0,0.0,0.0,0.0,0.0,0.0,0.0,0.0,0.0,0.0,0.0,0.0,0.0,0.0,0.0,0.0,47.0,47.0,47.0,...
1763028274,387126234,laser,-3.1241390705108643,3.1415927410125732,0.0034828970674425364,5.371008228394203e-05,0.09662443399429321,0.15000000596046448,16.0,9.407999992370605,9.423999786376953,9.423999786376953,9.407999992370605,9.416000366210938,9.416000366210938,9.416000366210938,9.423999786376953,9.423999786376953,9.416000366210938,inf,inf,inf,inf,inf,inf,inf,inf,inf,inf,inf,inf,inf,inf,inf,inf,inf,inf,inf,inf,inf,inf,4.144000053405762,4.144000053405762,4.144000053405762,4.144000053405762,4.144000053405762,3.752000093460083,3.752000093460083,3.752000093460083,3.752000093460083,3.752000093460083,3.7320001125335693,3.7239999771118164,3.7360000610351562,3.740000009536743,3.74399995803833,3.0,3.0,3.0,3.0,2.9719998836517334,2.936000108718872,2.936000108718872,2.888000011444092,2.6440000534057617,2.6440000534057617,2.6440000534057617,2.572000026702881,2.3239998817443848,2.3239998817443848,2.2920000553131104,2.2920000553131104,2.2920000553131104,2.25600004196167,2.2119998931884766,2.171999931335449,2.135999917984009,2.0959999561309814,2.0959999561309814,2.059999942779541,2.0239999294281006,2.003999948501587,1.9739999771118164,1.9359999895095825,1.9079999923706055,1.878000020980835,1.8559999465942383,1.8300000429153442,1.7940000295639038,1.7699999809265137,1.75,1.7259999513626099,1.7000000476837158,1.7000000476837158,1.6759999990463257,1.659999966621399,1.6399999856948853,1.621999979019165,1.6039999723434448,1.5839999914169312,1.5679999589920044,1.5479999780654907,1.5219999551773071,1.50600004196167,1.496000051498413,1.4819999933242798,1.4620000123977661,1.4620000123977661,1.4320000410079956,1.4320000410079956,1.4140000343322754,1.399999976158142,1.3899999856948853,1.371999979019165,1.3539999723434448,1.3420000076293945,1.3259999752044678,1.312000036239624,1.3020000457763672,1.3020000457763672,1.2740000486373901,1.2619999647140503,1.2619999647140503,1.2519999742507935,1.2380000352859497,1.2319999933242798,1.218000054359436,1.2020000219345093,1.1920000314712524,1.1820000410079956,1.1740000247955322,1.1679999828338623,1.1579999923706055,1.1460000276565552,1.1460000276565552,1.1319999694824219,1.121999979019165,...,47.0,47.0,47.0,47.0,47.0,47.0,47.0,47.0,47.0,47.0,47.0,47.0,47.0,47.0,0.0,0.0,0.0,0.0,0.0,0.0,0.0,0.0,0.0,0.0,0.0,0.0,0.0,0.0,0.0,0.0,0.0,0.0,0.0,0.0,0.0,0.0,0.0,0.0,0.0,0.0,0.0,0.0,0.0,0.0,0.0,0.0,0.0,0.0,0.0,0.0,0.0,0.0,0.0,0.0,0.0,0.0,0.0,0.0,0.0,0.0,0.0,0.0,0.0,0.0,0.0,0.0,0.0,0.0,0.0,0.0,0.0,0.0,0.0,0.0,0.0,0.0,0.0,0.0,0.0,0.0,0.0,0.0,0.0,0.0,0.0,0.0,0.0,0.0,0.0,0.0,0.0,0.0,0.0,0.0,0.0,0.0,0.0,0.0,0.0,0.0,0.0,0.0,0.0,0.0,0.0,0.0,0.0,0.0,0.0,47.0,47.0,47.0,47.0,47.0,0.0,0.0,0.0,0.0,0.0,0.0,0.0,0.0,0.0,0.0,0.0,0.0,0.0,0.0,...
1763028274,485022184,laser,-3.1241390705108643,3.1415927410125732,0.0034828970674425364,5.732010322390124e-05,0.10311886668205261,0.15000000596046448,16.0,9.416000366210938,9.416000366210938,9.407999992370605,9.407999992370605,9.407999992370605,9.407999992370605,9.416000366210938,9.416000366210938,9.423999786376953,9.407999992370605,inf,inf,inf,inf,inf,inf,inf,inf,inf,inf,inf,inf,inf,inf,inf,inf,inf,inf,inf,inf,4.5279998779296875,4.5279998779296875,4.5279998779296875,4.5279998779296875,4.5279998779296875,4.464000225067139,4.216000080108643,4.216000080108643,4.216000080108643,4.104000091552734,3.7639999389648438,3.747999906539917,3.747999906539917,3.740000009536743,3.7360000610351562,3.740000009536743,3.74399995803833,3.0,3.0,2.9760000705718994,2.9760000705718994,2.9760000705718994,2.947999954223633,2.7960000038146973,2.7960000038146973,2.7960000038146973,2.7320001125335693,2.6679999828338623,2.6679999828338623,2.5320000648498535,2.5320000648498535,2.3919999599456787,2.25600004196167,2.25600004196167,2.25600004196167,2.2279999256134033,2.191999912261963,2.1519999504089355,2.111999988555908,2.072000026702881,2.0439999103546143,2.01200008392334,1.9739999771118164,1.9479999542236328,1.9479999542236328,1.9179999828338623,1.878000020980835,1.8459999561309814,1.8200000524520874,1.7940000295639038,1.7699999809265137,1.753999948501587,1.7259999513626099,1.7000000476837158,1.6820000410079956,1.659999966621399,1.659999966621399,1.6460000276565552,1.6260000467300415,1.6039999723434448,1.5839999914169312,1.5640000104904175,1.5460000038146973,1.5219999551773071,1.50600004196167,1.5,1.4839999675750732,1.4600000381469727,1.437999963760376,1.4259999990463257,1.4160000085830688,1.4160000085830688,1.399999976158142,1.3880000114440918,1.3680000305175781,1.350000023841858,1.3420000076293945,1.3320000171661377,1.3179999589920044,1.3020000457763672,1.2899999618530273,1.2760000228881836,1.2619999647140503,1.2519999742507935,1.2519999742507935,1.2400000095367432,1.2300000190734863,1.218000054359436,1.2020000219345093,1.194000005722046,1.184000015258789,1.1740000247955322,1.1660000085830688,1.1540000438690186,1.1440000534057617,1.1380000114440918,1.1380000114440918,1.1260000467300415,...,47.0,47.0,47.0,47.0,47.0,47.0,47.0,47.0,47.0,47.0,47.0,47.0,47.0,0.0,0.0,0.0,0.0,0.0,0.0,0.0,0.0,0.0,0.0,0.0,0.0,0.0,0.0,0.0,0.0,0.0,0.0,0.0,0.0,0.0,0.0,0.0,0.0,0.0,0.0,0.0,0.0,0.0,0.0,0.0,0.0,0.0,0.0,0.0,0.0,0.0,0.0,0.0,0.0,0.0,0.0,0.0,0.0,0.0,0.0,0.0,0.0,0.0,0.0,0.0,0.0,0.0,0.0,0.0,0.0,0.0,0.0,0.0,0.0,0.0,0.0,0.0,0.0,0.0,0.0,0.0,0.0,0.0,0.0,0.0,0.0,0.0,0.0,0.0,0.0,0.0,0.0,0.0,0.0,0.0,0.0,0.0,0.0,0.0,0.0,0.0,0.0,0.0,0.0,0.0,0.0,0.0,0.0,0.0,0.0,0.0,0.0,0.0,0.0,0.0,0.0,0.0,0.0,0.0,0.0,0.0,0.0,0.0,0.0,0.0,0.0,0.0,0.0,0.0,...
1763028274,589840200,laser,-3.1241390705108643,3.1415927410125732,0.0034828970674425364,5.371113365981728e-05,0.09662632644176483,0.15000000596046448,16.0,9.399999618530273,9.399999618530273,9.399999618530273,9.407999992370605,9.416000366210938,9.416000366210938,9.416000366210938,9.416000366210938,9.423999786376953,9.423999786376953,inf,inf,inf,inf,inf,inf,inf,inf,inf,inf,inf,inf,inf,inf,inf,inf,inf,inf,4.504000186920166,4.504000186920166,4.504000186920166,4.504000186920166,4.504000186920166,4.159999847412109,4.159999847412109,4.159999847412109,4.059999942779541,4.059999942779541,4.059999942779541,3.7639999389648438,3.747999906539917,3.747999906539917,3.747999906539917,3.740000009536743,3.7360000610351562,3.740000009536743,3.740000009536743,3.0,3.0,3.0,3.0160000324249268,3.0160000324249268,2.996000051498413,2.9200000762939453,2.8559999465942383,2.8559999465942383,2.7960000038146973,2.740000009536743,2.696000099182129,2.6519999504089355,2.5920000076293945,2.5280001163482666,2.4760000705718994,2.4159998893737793,2.359999895095825,2.312000036239624,2.252000093460083,2.2039999961853027,2.1640000343322754,2.0460000038146973,2.0460000038146973,2.0139999389648438,1.9819999933242798,1.9819999933242798,1.9520000219345093,1.9240000247955322,1.8919999599456787,1.8680000305175781,1.840000033378601,1.812000036239624,1.7860000133514404,1.7580000162124634,1.7359999418258667,1.718000054359436,1.694000005722046,1.6640000343322754,1.6640000343322754,1.6460000276565552,1.6080000400543213,1.6080000400543213,1.5839999914169312,1.5640000104904175,1.5499999523162842,1.5360000133514404,1.5140000581741333,1.5,1.4859999418258667,1.468000054359436,1.4539999961853027,1.4420000314712524,1.4199999570846558,1.399999976158142,1.399999976158142,1.3880000114440918,1.371999979019165,1.3519999980926514,1.340000033378601,1.3320000171661377,1.3200000524520874,1.3079999685287476,1.2920000553131104,1.277999997138977,1.2680000066757202,1.25600004196167,1.2400000095367432,1.2400000095367432,1.2319999933242798,1.2020000219345093,1.2020000219345093,1.194000005722046,1.1859999895095825,1.1779999732971191,1.1679999828338623,1.156000018119812,1.1460000276565552,1.1339999437332153,1.1239999532699585,1.1180000305175781,...,47.0,47.0,47.0,47.0,47.0,47.0,47.0,47.0,47.0,47.0,47.0,47.0,0.0,0.0,0.0,0.0,0.0,0.0,0.0,0.0,0.0,0.0,0.0,0.0,0.0,0.0,0.0,0.0,0.0,0.0,0.0,0.0,0.0,0.0,0.0,0.0,0.0,0.0,0.0,0.0,0.0,0.0,0.0,0.0,0.0,0.0,0.0,0.0,0.0,0.0,0.0,0.0,0.0,0.0,0.0,0.0,0.0,0.0,0.0,0.0,0.0,0.0,0.0,0.0,0.0,0.0,0.0,0.0,0.0,0.0,0.0,0.0,0.0,0.0,0.0,0.0,0.0,0.0,0.0,0.0,0.0,0.0,0.0,0.0,0.0,0.0,0.0,0.0,0.0,0.0,0.0,0.0,0.0,0.0,0.0,0.0,0.0,0.0,0.0,0.0,0.0,0.0,0.0,0.0,0.0,0.0,0.0,47.0,47.0,47.0,47.0,47.0,0.0,0.0,0.0,0.0,0.0,0.0,0.0,0.0,0.0,0.0,0.0,47.0,47.0,47.0,47.0,47.0,...
1763028274,688283006,laser,-3.1241390705108643,3.1415927410125732,0.0034828970674425364,5.6950219004647806e-05,0.10245344787836075,0.15000000596046448,16.0,9.399999618530273,9.407999992370605,9.416000366210938,9.407999992370605,9.416000366210938,9.416000366210938,9.416000366210938,9.416000366210938,9.432000160217285,9.416000366210938,inf,inf,inf,inf,inf,inf,inf,inf,inf,inf,inf,inf,inf,inf,inf,inf,inf,inf,inf,4.480000019073486,4.480000019073486,4.480000019073486,4.480000019073486,4.480000019073486,inf,inf,3.752000093460083,3.752000093460083,3.752000093460083,3.752000093460083,3.752000093460083,3.747999906539917,3.747999906539917,3.74399995803833,3.7360000610351562,3.740000009536743,3.74399995803833,2.996000051498413,2.996000051498413,2.996000051498413,2.9519999027252197,2.9519999027252197,2.9200000762939453,2.9040000438690186,2.9040000438690186,2.8519999980926514,2.7920000553131104,2.7320001125335693,2.684000015258789,2.635999917984009,2.5799999237060547,2.5280001163482666,2.4760000705718994,2.3559999465942383,2.3559999465942383,2.328000068664551,2.2799999713897705,2.2799999713897705,2.240000009536743,2.063999891281128,2.063999891281128,2.063999891281128,2.0220000743865967,1.9739999771118164,1.9459999799728394,1.9179999828338623,1.8860000371932983,1.8619999885559082,1.8359999656677246,1.8079999685287476,1.7799999713897705,1.7580000162124634,1.7359999418258667,1.7079999446868896,1.684000015258789,1.684000015258789,1.6619999408721924,1.6419999599456787,1.621999979019165,1.6039999723434448,1.5839999914169312,1.559999942779541,1.5420000553131104,1.531999945640564,1.5140000581741333,1.4980000257492065,1.4819999933242798,1.4600000381469727,1.4359999895095825,1.4259999990463257,1.4179999828338623,1.4179999828338623,1.399999976158142,1.3860000371932983,1.371999979019165,1.3600000143051147,1.343999981880188,1.3300000429153442,1.3179999589920044,1.3020000457763672,1.2899999618530273,1.2760000228881836,1.2680000066757202,1.25600004196167,1.25600004196167,1.2400000095367432,1.2300000190734863,1.218000054359436,1.2020000219345093,1.1959999799728394,1.184000015258789,1.1740000247955322,1.1660000085830688,1.156000018119812,1.1460000276565552,1.1339999437332153,1.1239999532699585,1.1239999532699585,...,47.0,47.0,47.0,47.0,47.0,47.0,47.0,47.0,47.0,47.0,47.0,47.0,47.0,47.0,0.0,0.0,0.0,0.0,0.0,0.0,0.0,0.0,0.0,0.0,0.0,0.0,0.0,0.0,0.0,0.0,0.0,0.0,0.0,0.0,0.0,0.0,0.0,0.0,0.0,0.0,0.0,0.0,0.0,0.0,0.0,0.0,0.0,0.0,0.0,0.0,0.0,0.0,0.0,0.0,0.0,0.0,0.0,0.0,0.0,0.0,0.0,0.0,0.0,0.0,0.0,0.0,0.0,0.0,0.0,0.0,0.0,0.0,0.0,0.0,0.0,0.0,0.0,0.0,0.0,0.0,0.0,0.0,0.0,0.0,0.0,0.0,0.0,0.0,0.0,0.0,0.0,0.0,0.0,0.0,0.0,0.0,0.0,0.0,0.0,0.0,0.0,0.0,0.0,0.0,0.0,0.0,0.0,0.0,0.0,0.0,0.0,0.0,0.0,0.0,0.0,0.0,0.0,0.0,0.0,0.0,0.0,0.0,0.0,0.0,0.0,0.0,0.0,0.0,...
1763028274,792413455,laser,-3.1241390705108643,3.1415927410125732,0.0034828970674425364,5.7107808970613405e-05,0.1027369499206543,0.15000000596046448,16.0,9.407999992370605,9.407999992370605,9.407999992370605,9.407999992370605,9.407999992370605,9.416000366210938,9.416000366210938,9.416000366210938,9.423999786376953,9.407999992370605,inf,inf,inf,inf,inf,inf,inf,inf,inf,inf,inf,inf,inf,inf,inf,inf,inf,inf,inf,inf,inf,inf,inf,inf,inf,inf,3.7960000038146973,3.7960000038146973,3.7960000038146973,3.7960000038146973,3.7960000038146973,3.752000093460083,3.747999906539917,3.740000009536743,3.7360000610351562,3.74399995803833,3.74399995803833,2.9800000190734863,2.9800000190734863,2.9800000190734863,2.947999954223633,2.947999954223633,2.9119999408721924,2.9119999408721924,2.884000062942505,2.819999933242798,2.7760000228881836,2.7320001125335693,2.680000066757202,2.635999917984009,2.5799999237060547,2.5280001163482666,2.4760000705718994,2.359999895095825,2.359999895095825,2.3320000171661377,2.3320000171661377,2.2839999198913574,2.240000009536743,2.187999963760376,2.063999891281128,2.063999891281128,2.0220000743865967,1.9739999771118164,1.937999963760376,1.9119999408721924,1.8860000371932983,1.8619999885559082,1.8339999914169312,1.805999994277954,1.7799999713897705,1.7580000162124634,1.7580000162124634,1.7039999961853027,1.7039999961853027,1.6799999475479126,1.6579999923706055,1.6399999856948853,1.6180000305175781,1.600000023841858,1.5839999914169312,1.559999942779541,1.5460000038146973,1.5360000133514404,1.5140000581741333,1.4900000095367432,1.4739999771118164,1.4739999771118164,1.4600000381469727,1.4199999570846558,1.4199999570846558,1.4040000438690186,1.3919999599456787,1.3860000371932983,1.3680000305175781,1.3539999723434448,1.343999981880188,1.3279999494552612,1.3179999589920044,1.3020000457763672,1.3020000457763672,1.2760000228881836,1.2640000581741333,1.2640000581741333,1.2519999742507935,1.2380000352859497,1.2300000190734863,1.218000054359436,1.2020000219345093,1.194000005722046,1.184000015258789,1.1740000247955322,1.1660000085830688,1.156000018119812,1.1460000276565552,1.1339999437332153,1.1339999437332153,1.1239999532699585,...,47.0,47.0,47.0,47.0,47.0,47.0,47.0,47.0,47.0,47.0,47.0,47.0,47.0,47.0,0.0,0.0,0.0,0.0,0.0,0.0,0.0,0.0,0.0,0.0,0.0,0.0,0.0,0.0,0.0,0.0,0.0,0.0,0.0,0.0,0.0,0.0,0.0,0.0,0.0,0.0,0.0,0.0,0.0,0.0,0.0,0.0,0.0,0.0,0.0,0.0,0.0,0.0,0.0,0.0,0.0,0.0,0.0,0.0,0.0,0.0,0.0,0.0,0.0,0.0,0.0,0.0,0.0,0.0,0.0,0.0,0.0,0.0,0.0,0.0,0.0,0.0,0.0,0.0,0.0,0.0,0.0,0.0,0.0,0.0,0.0,0.0,0.0,0.0,0.0,0.0,0.0,0.0,0.0,0.0,0.0,0.0,0.0,0.0,0.0,0.0,0.0,0.0,0.0,0.0,0.0,0.0,0.0,0.0,0.0,0.0,0.0,0.0,0.0,0.0,0.0,0.0,0.0,0.0,0.0,0.0,0.0,0.0,0.0,0.0,0.0,0.0,0.0,0.0,...
1763028274,896775525,laser,-3.1241390705108643,3.1415927410125732,0.0034828970674425364,5.380111178965308e-05,0.0967881977558136,0.15000000596046448,16.0,9.416000366210938,9.416000366210938,9.407999992370605,9.416000366210938,9.416000366210938,9.416000366210938,9.407999992370605,9.399999618530273,9.416000366210938,9.407999992370605,inf,inf,inf,inf,inf,inf,inf,inf,inf,inf,inf,inf,inf,inf,inf,inf,inf,inf,inf,inf,inf,inf,inf,inf,inf,inf,3.759999990463257,3.759999990463257,3.759999990463257,3.759999990463257,3.759999990463257,3.752000093460083,3.752000093460083,3.740000009536743,3.7360000610351562,3.74399995803833,3.74399995803833,3.74399995803833,2.9679999351501465,2.9679999351501465,2.9679999351501465,2.931999921798706,2.931999921798706,2.888000011444092,2.8320000171661377,2.8320000171661377,2.7880001068115234,2.740000009536743,2.7039999961853027,2.6640000343322754,2.5959999561309814,2.5280001163482666,2.4839999675750732,2.444000005722046,2.3919999599456787,2.3359999656677246,2.2839999198913574,2.24399995803833,2.059999942779541,2.059999942779541,2.0160000324249268,2.0160000324249268,1.9859999418258667,1.9500000476837158,1.9500000476837158,1.9179999828338623,1.8940000534057617,1.8660000562667847,1.840000033378601,1.8140000104904175,1.784000039100647,1.7599999904632568,1.7400000095367432,1.722000002861023,1.6959999799728394,1.6699999570846558,1.6519999504089355,1.6519999504089355,1.6119999885559082,1.590000033378601,1.590000033378601,1.559999942779541,1.5479999780654907,1.5360000133514404,1.5140000581741333,1.4980000257492065,1.4859999418258667,1.468000054359436,1.4479999542236328,1.4320000410079956,1.4179999828338623,1.4019999504089355,1.3899999856948853,1.3899999856948853,1.3760000467300415,1.3639999628067017,1.3480000495910645,1.3320000171661377,1.3220000267028809,1.3079999685287476,1.2960000038146973,1.284000039100647,1.2719999551773071,1.2599999904632568,1.2480000257492065,1.2339999675750732,1.2200000286102295,1.2100000381469727,1.2000000476837158,1.2000000476837158,1.187999963760376,1.1779999732971191,1.1699999570846558,1.1579999923706055,1.149999976158142,1.1419999599456787,1.1319999694824219,1.121999979019165,...,47.0,47.0,47.0,47.0,47.0,47.0,47.0,47.0,47.0,47.0,47.0,47.0,47.0,47.0,0.0,0.0,0.0,0.0,0.0,0.0,0.0,0.0,0.0,0.0,0.0,0.0,0.0,0.0,0.0,0.0,0.0,0.0,0.0,0.0,0.0,0.0,0.0,0.0,0.0,0.0,0.0,0.0,0.0,0.0,0.0,0.0,0.0,0.0,0.0,0.0,0.0,0.0,0.0,0.0,0.0,0.0,0.0,0.0,0.0,0.0,0.0,0.0,0.0,0.0,0.0,0.0,0.0,0.0,0.0,0.0,0.0,0.0,0.0,0.0,0.0,0.0,0.0,0.0,0.0,0.0,0.0,0.0,0.0,0.0,0.0,0.0,0.0,0.0,0.0,0.0,0.0,0.0,0.0,0.0,0.0,0.0,0.0,0.0,0.0,0.0,0.0,0.0,0.0,0.0,0.0,0.0,0.0,0.0,0.0,0.0,0.0,0.0,0.0,0.0,0.0,0.0,0.0,0.0,0.0,0.0,0.0,0.0,0.0,0.0,0.0,47.0,47.0,47.0,...
1763028274,995513553,laser,-3.1241390705108643,3.1415927410125732,0.0034828970674425364,5.684569987352006e-05,0.10226541012525558,0.15000000596046448,16.0,9.399999618530273,9.416000366210938,9.416000366210938,9.407999992370605,9.407999992370605,9.407999992370605,9.399999618530273,9.407999992370605,9.416000366210938,9.407999992370605,inf,inf,inf,inf,inf,inf,inf,inf,inf,inf,inf,inf,inf,inf,inf,inf,inf,inf,inf,inf,inf,inf,inf,3.819999933242798,3.819999933242798,3.819999933242798,3.819999933242798,3.819999933242798,3.7639999389648438,3.7639999389648438,3.7639999389648438,3.752000093460083,3.74399995803833,3.740000009536743,3.74399995803833,3.74399995803833,3.74399995803833,3.74399995803833,3.0199999809265137,3.0199999809265137,3.0199999809265137,2.884000062942505,2.884000062942505,2.884000062942505,2.8239998817443848,2.8239998817443848,2.75600004196167,2.7039999961853027,2.6640000343322754,2.5999999046325684,2.5439999103546143,2.496000051498413,2.496000051498413,2.312000036239624,2.312000036239624,2.312000036239624,2.25600004196167,2.187999963760376,2.1440000534057617,2.1040000915527344,2.055999994277954,2.0199999809265137,1.9900000095367432,1.9539999961853027,1.9279999732971191,1.9040000438690186,1.8660000562667847,1.8480000495910645,1.7799999713897705,1.7599999904632568,1.7599999904632568,1.7599999904632568,1.7359999418258667,1.718000054359436,1.6979999542236328,1.6740000247955322,1.656000018119812,1.6339999437332153,1.6139999628067017,1.5920000076293945,1.5679999589920044,1.5520000457763672,1.5360000133514404,1.5140000581741333,1.4980000257492065,1.4980000257492065,1.4859999418258667,1.4739999771118164,1.4539999961853027,1.437999963760376,1.4220000505447388,1.399999976158142,1.3899999856948853,1.3760000467300415,1.3580000400543213,1.3459999561309814,1.3359999656677246,1.3240000009536743,1.3240000009536743,1.312000036239624,1.2999999523162842,1.2860000133514404,1.2680000066757202,1.25600004196167,1.2480000257492065,1.2400000095367432,1.2239999771118164,1.2120000123977661,1.2020000219345093,1.190000057220459,1.1799999475479126,1.1799999475479126,1.159999966621399,1.159999966621399,1.1519999504089355,1.1419999599456787,1.1299999952316284,1.121999979019165,...,47.0,47.0,47.0,47.0,47.0,47.0,47.0,47.0,47.0,47.0,47.0,47.0,47.0,0.0,0.0,0.0,0.0,0.0,0.0,0.0,0.0,0.0,0.0,0.0,0.0,0.0,0.0,0.0,0.0,0.0,0.0,0.0,0.0,0.0,0.0,0.0,0.0,0.0,0.0,0.0,0.0,0.0,0.0,0.0,0.0,0.0,0.0,0.0,0.0,0.0,0.0,0.0,0.0,0.0,0.0,0.0,0.0,0.0,0.0,0.0,0.0,0.0,0.0,0.0,0.0,0.0,0.0,0.0,0.0,0.0,0.0,0.0,0.0,0.0,0.0,0.0,0.0,0.0,0.0,0.0,0.0,0.0,0.0,0.0,0.0,0.0,0.0,0.0,0.0,0.0,0.0,0.0,0.0,0.0,0.0,0.0,0.0,0.0,0.0,0.0,0.0,0.0,0.0,0.0,0.0,0.0,0.0,0.0,0.0,0.0,0.0,0.0,0.0,0.0,0.0,0.0,0.0,0.0,0.0,0.0,0.0,0.0,0.0,0.0,0.0,0.0,0.0,0.0,...
1763028275,100055284,laser,-3.1241390705108643,3.1415927410125732,0.0034828970674425364,5.6739856518106535e-05,0.1020750030875206,0.15000000596046448,16.0,9.416000366210938,9.416000366210938,9.416000366210938,9.407999992370605,9.407999992370605,9.399999618530273,9.399999618530273,9.416000366210938,9.416000366210938,inf,inf,inf,inf,inf,inf,inf,inf,inf,inf,inf,inf,inf,inf,inf,inf,inf,inf,inf,inf,inf,inf,inf,inf,inf,inf,inf,3.7880001068115234,3.7880001068115234,3.7880001068115234,3.7880001068115234,3.7880001068115234,3.752000093460083,3.74399995803833,3.740000009536743,3.74399995803833,3.74399995803833,3.74399995803833,3.74399995803833,inf,inf,inf,inf,2.7679998874664307,2.7679998874664307,2.7679998874664307,2.7679998874664307,2.7679998874664307,2.7079999446868896,2.6600000858306885,2.503999948501587,2.3480000495910645,2.3480000495910645,2.3480000495910645,2.2960000038146973,2.24399995803833,2.24399995803833,2.180000066757202,2.180000066757202,2.1440000534057617,2.1040000915527344,2.059999942779541,2.0199999809265137,1.9980000257492065,1.9739999771118164,1.937999963760376,1.906000018119812,1.8739999532699585,1.850000023841858,1.8259999752044678,1.7920000553131104,1.7920000553131104,1.7660000324249268,1.7259999513626099,1.7259999513626099,1.6979999542236328,1.6740000247955322,1.6579999923706055,1.6360000371932983,1.6180000305175781,1.600000023841858,1.5800000429153442,1.559999942779541,1.534000039100647,1.5219999551773071,1.5140000581741333,1.4880000352859497,1.4880000352859497,1.468000054359436,1.4520000219345093,1.437999963760376,1.4240000247955322,1.4079999923706055,1.399999976158142,1.3839999437332153,1.3639999628067017,1.350000023841858,1.340000033378601,1.3279999494552612,1.3140000104904175,1.2999999523162842,1.2999999523162842,1.2879999876022339,1.2760000228881836,1.2680000066757202,1.253999948501587,1.2380000352859497,1.2259999513626099,1.2139999866485596,1.2020000219345093,1.194000005722046,1.1859999895095825,1.1759999990463257,1.1660000085830688,1.156000018119812,1.156000018119812,1.1440000534057617,1.1339999437332153,1.1260000467300415,...,47.0,47.0,47.0,47.0,47.0,47.0,47.0,47.0,47.0,47.0,47.0,47.0,47.0,47.0,0.0,0.0,0.0,0.0,0.0,0.0,0.0,0.0,0.0,0.0,0.0,0.0,0.0,0.0,0.0,0.0,0.0,0.0,0.0,0.0,0.0,0.0,0.0,0.0,0.0,0.0,0.0,0.0,0.0,0.0,0.0,0.0,0.0,0.0,0.0,0.0,0.0,0.0,0.0,0.0,0.0,0.0,0.0,0.0,0.0,0.0,0.0,0.0,0.0,0.0,0.0,0.0,0.0,0.0,0.0,0.0,0.0,0.0,0.0,0.0,0.0,0.0,0.0,0.0,0.0,0.0,0.0,0.0,0.0,0.0,0.0,0.0,0.0,0.0,0.0,0.0,0.0,0.0,0.0,0.0,0.0,0.0,0.0,0.0,0.0,0.0,0.0,0.0,0.0,0.0,0.0,0.0,0.0,0.0,47.0,47.0,47.0,47.0,47.0,0.0,0.0,0.0,0.0,0.0,0.0,0.0,0.0,0.0,0.0,0.0,0.0,0.0,0.0,0.0,...
1763028275,203929097,laser,-3.1241390705108643,3.1415927410125732,0.0034828970674425364,5.3650721383746713e-05,0.0965176522731781,0.15000000596046448,16.0,9.416000366210938,9.416000366210938,9.407999992370605,9.407999992370605,9.407999992370605,9.399999618530273,9.399999618530273,9.407999992370605,9.407999992370605,inf,inf,inf,inf,inf,inf,inf,inf,inf,inf,inf,inf,inf,inf,inf,inf,inf,inf,inf,inf,inf,inf,inf,inf,inf,inf,inf,inf,inf,3.74399995803833,3.74399995803833,3.74399995803833,3.74399995803833,3.74399995803833,3.740000009536743,3.740000009536743,3.74399995803833,3.74399995803833,3.74399995803833,3.0,2.9119999408721924,2.9119999408721924,2.9119999408721924,2.9119999408721924,2.888000011444092,2.888000011444092,2.815999984741211,2.752000093460083,2.375999927520752,2.375999927520752,2.375999927520752,2.375999927520752,2.375999927520752,2.328000068664551,2.2920000553131104,2.247999906539917,2.247999906539917,2.171999931335449,2.171999931335449,2.140000104904175,2.0999999046325684,2.063999891281128,2.0280001163482666,1.99399995803833,1.9700000286102295,1.944000005722046,1.9119999408721924,1.878000020980835,1.8539999723434448,1.8279999494552612,1.7979999780654907,1.7760000228881836,1.7760000228881836,1.7259999513626099,1.6979999542236328,1.6979999542236328,1.6699999570846558,1.649999976158142,1.6360000371932983,1.621999979019165,1.6019999980926514,1.5800000429153442,1.5579999685287476,1.5379999876022339,1.527999997138977,1.5140000581741333,1.4900000095367432,1.4759999513626099,1.4759999513626099,1.4559999704360962,1.4220000505447388,1.4220000505447388,1.4079999923706055,1.3980000019073486,1.3839999437332153,1.3639999628067017,1.350000023841858,1.340000033378601,1.3279999494552612,1.3140000104904175,1.2999999523162842,1.2879999876022339,1.2760000228881836,1.2640000581741333,1.25,1.25,1.2380000352859497,1.2259999513626099,1.2139999866485596,1.2020000219345093,1.1959999799728394,1.1859999895095825,1.1759999990463257,1.1660000085830688,1.156000018119812,1.1460000276565552,1.1360000371932983,1.1260000467300415,1.1160000562667847,...,47.0,47.0,47.0,47.0,47.0,47.0,47.0,47.0,47.0,47.0,47.0,47.0,47.0,47.0,0.0,0.0,0.0,0.0,0.0,0.0,0.0,0.0,0.0,0.0,0.0,0.0,0.0,0.0,0.0,0.0,0.0,0.0,0.0,0.0,0.0,0.0,0.0,0.0,0.0,0.0,0.0,0.0,0.0,0.0,0.0,0.0,0.0,0.0,0.0,0.0,0.0,0.0,0.0,0.0,0.0,0.0,0.0,0.0,0.0,0.0,0.0,0.0,0.0,0.0,0.0,0.0,0.0,0.0,0.0,0.0,0.0,0.0,0.0,0.0,0.0,0.0,0.0,0.0,0.0,0.0,0.0,0.0,0.0,0.0,0.0,0.0,0.0,0.0,0.0,0.0,0.0,0.0,0.0,0.0,0.0,0.0,0.0,0.0,0.0,0.0,0.0,0.0,0.0,0.0,0.0,0.0,0.0,0.0,0.0,47.0,47.0,47.0,47.0,47.0,0.0,0.0,0.0,0.0,0.0,0.0,0.0,0.0,0.0,0.0,0.0,0.0,0.0,0.0,...
1763028275,302274954,laser,-3.1241390705108643,3.1415927410125732,0.0034828970674425364,5.701306872651912e-05,0.10256651043891907,0.15000000596046448,16.0,9.423999786376953,9.423999786376953,9.423999786376953,9.416000366210938,9.416000366210938,9.407999992370605,9.399999618530273,9.399999618530273,9.416000366210938,inf,inf,inf,inf,inf,inf,inf,inf,inf,inf,inf,inf,inf,inf,inf,inf,inf,inf,inf,inf,inf,inf,inf,inf,inf,inf,3.752000093460083,3.752000093460083,3.752000093460083,3.752000093460083,3.752000093460083,3.747999906539917,3.747999906539917,3.740000009536743,3.7360000610351562,3.740000009536743,3.740000009536743,3.74399995803833,3.0,3.0,3.0,3.0,2.9119999408721924,2.9119999408721924,2.9119999408721924,2.884000062942505,2.7119998931884766,2.7119998931884766,2.552000045776367,2.4839999675750732,2.4839999675750732,2.427999973297119,2.375999927520752,2.328000068664551,2.2960000038146973,2.247999906539917,2.2079999446868896,2.171999931335449,2.131999969482422,2.0959999561309814,2.0959999561309814,2.063999891281128,2.0239999294281006,1.99399995803833,1.968000054359436,1.9420000314712524,1.909999966621399,1.8760000467300415,1.8539999723434448,1.8259999752044678,1.7960000038146973,1.7680000066757202,1.7480000257492065,1.7259999513626099,1.6979999542236328,1.6720000505447388,1.6720000505447388,1.649999976158142,1.6360000371932983,1.6200000047683716,1.6019999980926514,1.5800000429153442,1.5640000104904175,1.5420000553131104,1.527999997138977,1.5140000581741333,1.4900000095367432,1.4739999771118164,1.4600000381469727,1.4600000381469727,1.4220000505447388,1.4220000505447388,1.4079999923706055,1.3980000019073486,1.3839999437332153,1.3660000562667847,1.3539999723434448,1.343999981880188,1.3320000171661377,1.3140000104904175,1.2999999523162842,1.2879999876022339,1.2719999551773071,1.2599999904632568,1.2599999904632568,1.25,1.2380000352859497,1.2259999513626099,1.2139999866485596,1.2020000219345093,1.194000005722046,1.1859999895095825,1.1759999990463257,1.1660000085830688,1.156000018119812,1.1460000276565552,1.1360000371932983,1.1360000371932983,1.1260000467300415,...,47.0,47.0,47.0,47.0,47.0,47.0,47.0,47.0,47.0,47.0,47.0,47.0,47.0,47.0,47.0,0.0,0.0,0.0,0.0,0.0,0.0,0.0,0.0,0.0,0.0,0.0,0.0,0.0,0.0,0.0,0.0,0.0,0.0,0.0,0.0,0.0,0.0,0.0,0.0,0.0,0.0,0.0,0.0,0.0,0.0,0.0,0.0,0.0,0.0,0.0,0.0,0.0,0.0,0.0,0.0,0.0,0.0,0.0,0.0,0.0,0.0,0.0,0.0,0.0,0.0,0.0,0.0,0.0,0.0,0.0,0.0,0.0,0.0,0.0,0.0,0.0,0.0,0.0,0.0,0.0,0.0,0.0,0.0,0.0,0.0,0.0,0.0,0.0,0.0,0.0,0.0,0.0,0.0,0.0,0.0,0.0,0.0,0.0,0.0,0.0,0.0,0.0,0.0,0.0,0.0,0.0,0.0,0.0,0.0,47.0,47.0,47.0,47.0,47.0,0.0,0.0,0.0,0.0,0.0,0.0,0.0,0.0,0.0,0.0,0.0,0.0,0.0,0.0,...
1763028275,406709052,laser,-3.1241390705108643,3.1415927410125732,0.0034828970674425364,5.699223402189091e-05,0.10252903401851654,0.15000000596046448,16.0,9.423999786376953,9.423999786376953,9.423999786376953,9.407999992370605,9.416000366210938,9.416000366210938,9.407999992370605,9.407999992370605,9.416000366210938,inf,inf,inf,inf,inf,inf,inf,inf,inf,inf,inf,inf,inf,inf,inf,inf,inf,inf,inf,inf,inf,inf,inf,inf,inf,4.127999782562256,4.127999782562256,4.127999782562256,4.127999782562256,4.127999782562256,3.7639999389648438,3.74399995803833,3.74399995803833,3.7360000610351562,3.7360000610351562,3.7360000610351562,3.740000009536743,3.74399995803833,3.740000009536743,3.0,3.0,2.9679999351501465,2.9679999351501465,2.9679999351501465,2.7960000038146973,2.7960000038146973,2.619999885559082,2.563999891281128,2.563999891281128,2.507999897003174,2.507999897003174,2.4040000438690186,2.4040000438690186,2.359999895095825,2.312000036239624,2.259999990463257,2.2320001125335693,2.2039999961853027,2.1519999504089355,2.1080000400543213,2.068000078201294,2.0420000553131104,2.0160000324249268,1.9780000448226929,1.9500000476837158,1.9199999570846558,1.9199999570846558,1.8960000276565552,1.8760000467300415,1.843999981880188,1.809999942779541,1.7879999876022339,1.7680000066757202,1.7400000095367432,1.7139999866485596,1.6920000314712524,1.6699999570846558,1.6540000438690186,1.6339999437332153,1.6100000143051147,1.5859999656677246,1.5859999656677246,1.5679999589920044,1.5440000295639038,1.5240000486373901,1.5140000581741333,1.4980000257492065,1.4839999675750732,1.472000002861023,1.4479999542236328,1.4299999475479126,1.4199999570846558,1.4019999504089355,1.3919999599456787,1.378000020980835,1.378000020980835,1.3519999980926514,1.3519999980926514,1.3359999656677246,1.3179999589920044,1.2999999523162842,1.2899999618530273,1.284000039100647,1.2699999809265137,1.25600004196167,1.24399995803833,1.2380000352859497,1.2259999513626099,1.2139999866485596,1.2020000219345093,1.2020000219345093,1.1920000314712524,1.1799999475479126,1.1699999570846558,1.1579999923706055,1.1519999504089355,1.1440000534057617,1.1299999952316284,1.121999979019165,...,47.0,47.0,47.0,47.0,47.0,47.0,47.0,47.0,47.0,47.0,47.0,47.0,47.0,0.0,0.0,0.0,0.0,0.0,0.0,0.0,0.0,0.0,0.0,0.0,0.0,0.0,0.0,0.0,0.0,0.0,0.0,0.0,0.0,0.0,0.0,0.0,0.0,0.0,0.0,0.0,0.0,0.0,0.0,0.0,0.0,0.0,0.0,0.0,0.0,0.0,0.0,0.0,0.0,0.0,0.0,0.0,0.0,0.0,0.0,0.0,0.0,0.0,0.0,0.0,0.0,0.0,0.0,0.0,0.0,0.0,0.0,0.0,0.0,0.0,0.0,0.0,0.0,0.0,0.0,0.0,0.0,0.0,0.0,0.0,0.0,0.0,0.0,0.0,0.0,0.0,0.0,0.0,0.0,0.0,0.0,0.0,0.0,0.0,0.0,0.0,0.0,0.0,0.0,0.0,0.0,0.0,0.0,47.0,47.0,47.0,47.0,47.0,0.0,0.0,0.0,0.0,0.0,0.0,0.0,0.0,0.0,0.0,0.0,0.0,0.0,0.0,0.0,0.0,...
1763028275,511127968,laser,-3.1241390705108643,3.1415927410125732,0.0034828970674425364,5.36059305886738e-05,0.09643707424402237,0.15000000596046448,16.0,9.399999618530273,9.423999786376953,9.432000160217285,9.407999992370605,9.407999992370605,9.416000366210938,9.407999992370605,9.407999992370605,9.423999786376953,9.37600040435791,inf,inf,inf,inf,inf,inf,inf,inf,inf,inf,inf,inf,inf,inf,inf,inf,inf,inf,inf,4.559999942779541,4.559999942779541,4.559999942779541,4.559999942779541,4.559999942779541,4.4720001220703125,4.4720001220703125,4.375999927520752,4.131999969482422,4.131999969482422,3.7639999389648438,3.747999906539917,3.747999906539917,3.747999906539917,3.740000009536743,3.7360000610351562,3.740000009536743,3.74399995803833,3.740000009536743,3.0,3.0,2.9719998836517334,2.9719998836517334,2.9719998836517334,2.812000036239624,2.812000036239624,2.4519999027252197,2.4519999027252197,2.4519999027252197,2.4519999027252197,2.312000036239624,2.312000036239624,2.312000036239624,2.312000036239624,2.259999990463257,2.259999990463257,2.2279999256134033,2.200000047683716,2.1519999504089355,2.1040000915527344,2.068000078201294,2.0439999103546143,2.0160000324249268,1.9759999513626099,1.9479999542236328,1.9199999570846558,1.9199999570846558,1.8960000276565552,1.8680000305175781,1.8359999656677246,1.812000036239624,1.7860000133514404,1.75600004196167,1.7359999418258667,1.715999960899353,1.687999963760376,1.6660000085830688,1.649999976158142,1.6299999952316284,1.6119999885559082,1.5880000591278076,1.5880000591278076,1.5679999589920044,1.5440000295639038,1.5240000486373901,1.5140000581741333,1.4980000257492065,1.4859999418258667,1.468000054359436,1.4459999799728394,1.4299999475479126,1.4160000085830688,1.4019999504089355,1.3960000276565552,1.378000020980835,1.378000020980835,1.3459999561309814,1.3459999561309814,1.3339999914169312,1.3220000267028809,1.312000036239624,1.2999999523162842,1.2860000133514404,1.2719999551773071,1.2599999904632568,1.2480000257492065,1.2380000352859497,1.2239999771118164,1.2100000381469727,1.2020000219345093,1.1920000314712524,1.1920000314712524,1.1799999475479126,1.1679999828338623,1.1579999923706055,1.149999976158142,1.1399999856948853,1.1299999952316284,1.121999979019165,...,47.0,47.0,47.0,47.0,47.0,47.0,47.0,47.0,47.0,47.0,47.0,47.0,47.0,47.0,0.0,0.0,0.0,0.0,0.0,0.0,0.0,0.0,0.0,0.0,0.0,0.0,0.0,0.0,0.0,0.0,0.0,0.0,0.0,0.0,0.0,0.0,0.0,0.0,0.0,0.0,0.0,0.0,0.0,0.0,0.0,0.0,0.0,0.0,0.0,0.0,0.0,0.0,0.0,0.0,0.0,0.0,0.0,0.0,0.0,0.0,0.0,0.0,0.0,0.0,0.0,0.0,0.0,0.0,0.0,0.0,0.0,0.0,0.0,0.0,0.0,0.0,0.0,0.0,0.0,0.0,0.0,0.0,0.0,0.0,0.0,0.0,0.0,0.0,0.0,0.0,0.0,0.0,0.0,0.0,0.0,0.0,0.0,0.0,0.0,0.0,0.0,0.0,0.0,0.0,0.0,0.0,0.0,0.0,0.0,0.0,0.0,0.0,0.0,0.0,0.0,0.0,0.0,0.0,0.0,0.0,0.0,0.0,0.0,0.0,0.0,0.0,0.0,0.0,...
1763028275,609391207,laser,-3.1241390705108643,3.1415927410125732,0.0034828970674425364,5.697308006347157e-05,0.10249456763267517,0.15000000596046448,16.0,9.407999992370605,9.416000366210938,9.423999786376953,9.407999992370605,9.416000366210938,9.416000366210938,9.416000366210938,9.407999992370605,9.423999786376953,9.383999824523926,inf,inf,inf,inf,inf,inf,inf,inf,inf,inf,inf,inf,inf,inf,inf,inf,inf,inf,inf,4.559999942779541,4.559999942779541,4.559999942779541,4.559999942779541,4.559999942779541,4.495999813079834,4.495999813079834,4.400000095367432,4.131999969482422,4.131999969482422,3.759999990463257,3.747999906539917,3.747999906539917,3.740000009536743,3.740000009536743,3.7360000610351562,3.740000009536743,3.74399995803833,3.740000009536743,3.0,3.0,2.9719998836517334,2.9719998836517334,2.9719998836517334,2.9119999408721924,2.8440001010894775,2.7839999198913574,2.7119998931884766,2.4679999351501465,2.4679999351501465,2.4679999351501465,2.4079999923706055,2.4079999923706055,2.359999895095825,2.2279999256134033,2.2279999256134033,2.2279999256134033,2.200000047683716,2.1519999504089355,2.1080000400543213,2.068000078201294,2.0360000133514404,2.007999897003174,1.9780000448226929,1.9459999799728394,1.9199999570846558,1.9199999570846558,1.8619999885559082,1.8619999885559082,1.840000033378601,1.8079999685287476,1.781999945640564,1.75600004196167,1.7300000190734863,1.7100000381469727,1.687999963760376,1.6660000085830688,1.649999976158142,1.6299999952316284,1.6100000143051147,1.590000033378601,1.565999984741211,1.565999984741211,1.5460000038146973,1.531999945640564,1.5199999809265137,1.5019999742507935,1.4780000448226929,1.4559999704360962,1.4420000314712524,1.434000015258789,1.4199999570846558,1.3980000019073486,1.3919999599456787,1.378000020980835,1.3600000143051147,1.3459999561309814,1.3320000171661377,1.3320000171661377,1.3240000009536743,1.312000036239624,1.2940000295639038,1.2799999713897705,1.2680000066757202,1.25600004196167,1.2480000257492065,1.2339999675750732,1.222000002861023,1.2120000123977661,1.2000000476837158,1.2000000476837158,1.187999963760376,1.1799999475479126,1.1679999828338623,1.1540000438690186,1.1440000534057617,1.1380000114440918,1.1299999952316284,1.1200000047683716,...,47.0,47.0,47.0,47.0,47.0,47.0,47.0,47.0,47.0,47.0,47.0,47.0,47.0,47.0,0.0,0.0,0.0,0.0,0.0,0.0,0.0,0.0,0.0,0.0,0.0,0.0,0.0,0.0,0.0,0.0,0.0,0.0,0.0,0.0,0.0,0.0,0.0,0.0,0.0,0.0,0.0,0.0,0.0,0.0,0.0,0.0,0.0,0.0,0.0,0.0,47.0,47.0,47.0,47.0,47.0,0.0,0.0,0.0,0.0,0.0,0.0,0.0,0.0,0.0,0.0,0.0,0.0,0.0,0.0,0.0,0.0,0.0,0.0,0.0,0.0,0.0,0.0,0.0,0.0,0.0,0.0,0.0,0.0,0.0,0.0,0.0,0.0,0.0,47.0,47.0,47.0,47.0,47.0,0.0,0.0,0.0,0.0,0.0,0.0,0.0,0.0,0.0,0.0,0.0,0.0,0.0,0.0,0.0,0.0,0.0,0.0,0.0,0.0,0.0,0.0,0.0,0.0,0.0,0.0,0.0,0.0,0.0,0.0,0.0,0.0,0.0,0.0,0.0,...
1763028275,713620212,laser,-3.1241390705108643,3.1415927410125732,0.0034828970674425364,5.7079414546024054e-05,0.10268586128950119,0.15000000596046448,16.0,9.407999992370605,9.399999618530273,9.407999992370605,9.407999992370605,9.407999992370605,9.416000366210938,9.416000366210938,9.407999992370605,9.423999786376953,9.392000198364258,inf,inf,inf,inf,inf,inf,inf,inf,inf,inf,inf,inf,inf,inf,inf,inf,inf,inf,inf,4.552000045776367,4.552000045776367,4.552000045776367,4.552000045776367,4.552000045776367,4.464000225067139,4.464000225067139,4.343999862670898,4.223999977111816,4.111999988555908,3.7960000038146973,3.7960000038146973,3.747999906539917,3.74399995803833,3.7360000610351562,3.74399995803833,3.74399995803833,3.74399995803833,3.740000009536743,inf,2.8959999084472656,2.8959999084472656,2.8959999084472656,2.8959999084472656,2.8959999084472656,2.8359999656677246,2.8359999656677246,2.7639999389648438,2.7079999446868896,2.6519999504089355,2.5799999237060547,2.5239999294281006,2.308000087738037,2.308000087738037,2.252000093460083,2.252000093460083,2.252000093460083,2.171999931335449,2.135999917984009,2.135999917984009,2.0999999046325684,2.059999942779541,2.0239999294281006,1.9919999837875366,1.9620000123977661,1.934000015258789,1.899999976158142,1.871999979019165,1.8580000400543213,1.8179999589920044,1.7860000133514404,1.7640000581741333,1.7640000581741333,1.7200000286102295,1.7200000286102295,1.694000005722046,1.6720000505447388,1.656000018119812,1.6360000371932983,1.6160000562667847,1.5959999561309814,1.5759999752044678,1.562000036239624,1.5399999618530273,1.5240000486373901,1.5119999647140503,1.4919999837875366,1.4919999837875366,1.4759999513626099,1.4579999446868896,1.4359999895095825,1.4259999990463257,1.4140000343322754,1.3940000534057617,1.3819999694824219,1.3660000562667847,1.3539999723434448,1.343999981880188,1.3259999752044678,1.312000036239624,1.2999999523162842,1.2999999523162842,1.2740000486373901,1.2740000486373901,1.2599999904632568,1.2480000257492065,1.2380000352859497,1.2280000448226929,1.215999960899353,1.2020000219345093,1.194000005722046,1.1820000410079956,1.1720000505447388,1.1619999408721924,1.149999976158142,1.1399999856948853,1.1399999856948853,1.1299999952316284,1.1200000047683716,...,47.0,47.0,47.0,47.0,47.0,47.0,47.0,47.0,47.0,47.0,47.0,47.0,47.0,47.0,0.0,0.0,0.0,0.0,0.0,0.0,0.0,0.0,0.0,0.0,0.0,0.0,0.0,0.0,0.0,0.0,0.0,0.0,0.0,0.0,0.0,0.0,0.0,0.0,0.0,0.0,0.0,0.0,0.0,0.0,0.0,0.0,0.0,0.0,0.0,0.0,0.0,0.0,0.0,0.0,0.0,0.0,0.0,0.0,0.0,0.0,0.0,0.0,0.0,0.0,0.0,0.0,0.0,0.0,0.0,0.0,0.0,0.0,0.0,0.0,0.0,0.0,0.0,0.0,0.0,0.0,0.0,0.0,0.0,0.0,0.0,0.0,0.0,0.0,0.0,0.0,0.0,0.0,0.0,0.0,0.0,0.0,0.0,0.0,0.0,0.0,0.0,0.0,0.0,0.0,0.0,0.0,0.0,0.0,0.0,0.0,0.0,0.0,0.0,0.0,0.0,0.0,0.0,0.0,0.0,0.0,0.0,0.0,0.0,0.0,0.0,47.0,47.0,47.0,...
