1763028261,483988702,laser,-3.1241390705108643,3.1415927410125732,0.0034828970674425364,5.7564189773984253e-05,0.10355797410011292,0.15000000596046448,16.0,8.303999900817871,8.303999900817871,8.303999900817871,8.303999900817871,8.303999900817871,8.303999900817871,8.295999526977539,8.303999900817871,8.312000274658203,8.288000106811523,inf,inf,inf,inf,inf,inf,inf,inf,inf,inf,inf,inf,inf,inf,inf,inf,inf,inf,inf,inf,4.504000186920166,4.504000186920166,4.504000186920166,4.504000186920166,4.504000186920166,4.432000160217285,4.328000068664551,4.328000068664551,4.208000183105469,4.0879998207092285,3.752000093460083,3.752000093460083,3.752000093460083,3.74399995803833,3.7360000610351562,3.740000009536743,3.74399995803833,3.740000009536743,3.003999948501587,3.003999948501587,2.9800000190734863,2.9800000190734863,2.944000005722046,2.7960000038146973,2.7960000038146973,2.7960000038146973,2.5480000972747803,2.5480000972747803,2.5480000972747803,2.48799991607666,2.436000108718872,2.388000011444092,2.3399999141693115,2.299999952316284,2.25600004196167,2.2079999446868896,2.180000066757202,2.1480000019073486,2.0959999561309814,2.063999891281128,2.0399999618530273,2.00600004196167,1.9700000286102295,1.9459999799728394,1.9459999799728394,1.9160000085830688,1.8819999694824219,1.8600000143051147,1.8320000171661377,1.8040000200271606,1.781999945640564,1.753999948501587,1.7280000448226929,1.7059999704360962,1.6779999732971191,1.656000018119812,1.6419999599456787,1.6419999599456787,1.6019999980926514,1.5800000429153442,1.5800000429153442,1.559999942779541,1.5440000295639038,1.5299999713897705,1.5140000581741333,1.5019999742507935,1.4839999675750732,1.4579999446868896,1.4420000314712524,1.434000015258789,1.4179999828338623,1.4019999504089355,1.4019999504089355,1.3880000114440918,1.371999979019165,1.3539999723434448,1.343999981880188,1.3300000429153442,1.3140000104904175,1.2999999523162842,1.284000039100647,1.277999997138977,1.2699999809265137,1.253999948501587,1.253999948501587,1.2400000095367432,1.2300000190734863,1.2200000286102295,1.2059999704360962,1.194000005722046,1.187999963760376,1.1779999732971191,1.1679999828338623,1.156000018119812,1.1460000276565552,1.1319999694824219,1.121999979019165,1.121999979019165,...,47.0,47.0,47.0,47.0,47.0,47.0,47.0,47.0,47.0,47.0,47.0,47.0,47.0,0.0,0.0,0.0,0.0,0.0,0.0,0.0,0.0,0.0,0.0,0.0,0.0,0.0,0.0,0.0,0.0,0.0,0.0,0.0,0.0,0.0,0.0,0.0,0.0,0.0,0.0,0.0,0.0,0.0,0.0,0.0,0.0,0.0,0.0,0.0,0.0,0.0,0.0,0.0,0.0,0.0,0.0,0.0,0.0,0.0,0.0,0.0,0.0,0.0,0.0,0.0,0.0,0.0,0.0,0.0,0.0,0.0,0.0,0.0,0.0,0.0,0.0,0.0,0.0,0.0,0.0,0.0,0.0,0.0,0.0,0.0,0.0,0.0,0.0,0.0,0.0,0.0,0.0,0.0,0.0,0.0,0.0,0.0,0.0,0.0,0.0,0.0,0.0,0.0,0.0,0.0,0.0,0.0,0.0,47.0,47.0,47.0,47.0,47.0,0.0,0.0,0.0,0.0,0.0,0.0,0.0,0.0,0.0,0.0,0.0,0.0,0.0,0.0,0.0,0.0,...
1763028261,589125391,laser,-3.1241390705108643,3.1415927410125732,0.0034828970674425364,5.712884376407601e-05,0.10277479141950607,0.15000000596046448,16.0,8.295999526977539,8.303999900817871,8.303999900817871,8.303999900817871,8.303999900817871,8.303999900817871,8.295999526977539,8.303999900817871,8.303999900817871,8.295999526977539,8.215999603271484,inf,inf,inf,inf,inf,inf,inf,inf,inf,inf,inf,inf,inf,inf,inf,inf,inf,inf,4.5279998779296875,4.5279998779296875,4.5279998779296875,4.5279998779296875,4.5279998779296875,4.480000019073486,4.480000019073486,4.208000183105469,4.0920000076293945,4.0920000076293945,3.7920000553131104,3.7920000553131104,3.752000093460083,3.74399995803833,3.7360000610351562,3.740000009536743,3.74399995803833,3.74399995803833,3.740000009536743,3.0480000972747803,3.0480000972747803,3.0480000972747803,2.812000036239624,2.812000036239624,2.812000036239624,2.752000093460083,2.752000093460083,2.752000093460083,2.687999963760376,2.4519999027252197,2.4519999027252197,2.3919999599456787,2.3919999599456787,2.3359999656677246,2.2839999198913574,2.2839999198913574,2.2360000610351562,2.2039999961853027,2.171999931335449,2.135999917984009,2.0959999561309814,2.052000045776367,2.0199999809265137,1.99399995803833,1.9579999446868896,1.9259999990463257,1.8980000019073486,1.8639999628067017,1.8420000076293945,1.8140000104904175,1.784000039100647,1.784000039100647,1.7680000066757202,1.7419999837875366,1.7200000286102295,1.7000000476837158,1.6740000247955322,1.6579999923706055,1.6380000114440918,1.6180000305175781,1.5959999561309814,1.5720000267028809,1.5540000200271606,1.531999945640564,1.5119999647140503,1.5019999742507935,1.5019999742507935,1.49399995803833,1.4759999513626099,1.4600000381469727,1.440000057220459,1.4240000247955322,1.4040000438690186,1.3880000114440918,1.3819999694824219,1.3660000562667847,1.3519999980926514,1.3420000076293945,1.3240000009536743,1.3240000009536743,1.309999942779541,1.2979999780654907,1.284000039100647,1.2719999551773071,1.2599999904632568,1.2480000257492065,1.2359999418258667,1.2259999513626099,1.2139999866485596,1.2020000219345093,1.1920000314712524,1.1820000410079956,1.1820000410079956,1.1740000247955322,1.1460000276565552,1.1460000276565552,1.1380000114440918,1.1299999952316284,1.121999979019165,...,47.0,47.0,47.0,47.0,47.0,47.0,47.0,47.0,47.0,47.0,47.0,47.0,47.0,47.0,0.0,0.0,0.0,0.0,0.0,0.0,0.0,0.0,0.0,0.0,0.0,0.0,0.0,0.0,0.0,0.0,0.0,0.0,0.0,0.0,0.0,0.0,0.0,0.0,0.0,0.0,0.0,0.0,0.0,0.0,0.0,0.0,0.0,0.0,0.0,0.0,0.0,0.0,0.0,0.0,0.0,0.0,0.0,0.0,0.0,0.0,0.0,0.0,0.0,0.0,0.0,0.0,0.0,0.0,0.0,0.0,0.0,0.0,0.0,0.0,0.0,0.0,0.0,0.0,0.0,0.0,0.0,0.0,0.0,0.0,0.0,0.0,0.0,0.0,0.0,0.0,0.0,0.0,0.0,0.0,0.0,0.0,0.0,0.0,0.0,0.0,0.0,0.0,0.0,0.0,0.0,0.0,0.0,0.0,0.0,0.0,0.0,0.0,0.0,0.0,0.0,0.0,0.0,0.0,0.0,0.0,0.0,0.0,0.0,0.0,0.0,0.0,0.0,0.0,...
1763028261,693594017,laser,-3.1241390705108643,3.1415927410125732,0.0034828970674425364,5.371555016608909e-05,0.09663427621126175,0.15000000596046448,16.0,8.303999900817871,8.303999900817871,8.312000274658203,8.312000274658203,8.312000274658203,8.303999900817871,8.295999526977539,8.295999526977539,8.295999526977539,8.295999526977539,8.288000106811523,inf,inf,inf,inf,inf,inf,inf,inf,inf,inf,inf,inf,inf,inf,inf,inf,inf,inf,inf,4.552000045776367,4.552000045776367,4.552000045776367,4.552000045776367,4.552000045776367,4.432000160217285,4.343999862670898,4.136000156402588,3.752000093460083,3.752000093460083,3.752000093460083,3.752000093460083,3.752000093460083,3.74399995803833,3.740000009536743,3.74399995803833,3.74399995803833,3.74399995803833,inf,inf,inf,2.7720000743865967,2.7720000743865967,2.7720000743865967,2.7720000743865967,2.7720000743865967,2.7119998931884766,2.7119998931884766,2.6640000343322754,2.6040000915527344,2.5399999618530273,2.4839999675750732,2.4839999675750732,2.2760000228881836,2.2760000228881836,2.2760000228881836,2.2320001125335693,2.187999963760376,2.1519999504089355,2.111999988555908,2.058000087738037,2.0220000743865967,2.0,1.9700000286102295,1.940000057220459,1.906000018119812,1.871999979019165,1.850000023841858,1.8179999589920044,1.7899999618530273,1.7899999618530273,1.7680000066757202,1.7480000257492065,1.7259999513626099,1.7000000476837158,1.6779999732971191,1.659999966621399,1.6360000371932983,1.6180000305175781,1.5980000495910645,1.5759999752044678,1.5540000200271606,1.5360000133514404,1.5180000066757202,1.50600004196167,1.49399995803833,1.49399995803833,1.4759999513626099,1.4579999446868896,1.434000015258789,1.4240000247955322,1.4160000085830688,1.3960000276565552,1.3819999694824219,1.3600000143051147,1.350000023841858,1.3480000495910645,1.3300000429153442,1.312000036239624,1.2979999780654907,1.2979999780654907,1.2719999551773071,1.2719999551773071,1.2599999904632568,1.25,1.2380000352859497,1.2259999513626099,1.2139999866485596,1.2020000219345093,1.194000005722046,1.184000015258789,1.1740000247955322,1.1660000085830688,1.1519999504089355,1.1440000534057617,1.1440000534057617,1.1339999437332153,1.121999979019165,...,47.0,47.0,47.0,47.0,47.0,47.0,47.0,47.0,47.0,47.0,47.0,47.0,47.0,0.0,0.0,0.0,0.0,0.0,0.0,0.0,0.0,0.0,0.0,0.0,0.0,0.0,0.0,0.0,0.0,0.0,0.0,0.0,0.0,0.0,0.0,0.0,0.0,0.0,0.0,0.0,0.0,0.0,0.0,0.0,0.0,0.0,0.0,0.0,0.0,0.0,0.0,0.0,0.0,0.0,0.0,0.0,0.0,0.0,0.0,0.0,0.0,0.0,0.0,0.0,0.0,0.0,0.0,0.0,0.0,0.0,0.0,0.0,0.0,0.0,0.0,0.0,0.0,0.0,0.0,0.0,0.0,0.0,0.0,0.0,0.0,0.0,0.0,0.0,0.0,0.0,0.0,0.0,0.0,0.0,0.0,0.0,0.0,0.0,0.0,0.0,0.0,0.0,0.0,0.0,0.0,0.0,0.0,0.0,47.0,47.0,47.0,47.0,47.0,0.0,0.0,0.0,0.0,0.0,0.0,0.0,0.0,0.0,0.0,0.0,0.0,0.0,0.0,0.0,...
1763028261,791812893,laser,-3.1241390705108643,3.1415927410125732,0.0034828970674425364,5.707745731342584e-05,0.10268234461545944,0.15000000596046448,16.0,8.303999900817871,8.303999900817871,8.303999900817871,8.303999900817871,8.303999900817871,8.303999900817871,8.303999900817871,8.303999900817871,8.303999900817871,8.288000106811523,8.288000106811523,inf,inf,inf,inf,inf,inf,inf,inf,inf,inf,inf,inf,inf,inf,inf,inf,inf,inf,inf,inf,4.039999961853027,4.039999961853027,4.039999961853027,4.039999961853027,4.039999961853027,3.944000005722046,3.944000005722046,3.944000005722046,3.944000005722046,3.752000093460083,3.752000093460083,3.747999906539917,3.74399995803833,3.740000009536743,3.74399995803833,3.74399995803833,2.9000000953674316,2.9000000953674316,2.9000000953674316,2.9000000953674316,2.7720000743865967,2.7720000743865967,2.7720000743865967,2.7720000743865967,2.7160000801086426,2.7160000801086426,2.7160000801086426,2.6679999828338623,2.624000072479248,2.572000026702881,2.5199999809265137,2.4679999351501465,2.3480000495910645,2.312000036239624,2.312000036239624,2.312000036239624,2.2639999389648438,2.1640000343322754,2.1640000343322754,2.009999990463257,2.009999990463257,2.009999990463257,1.9639999866485596,1.934000015258789,1.906000018119812,1.878000020980835,1.8619999885559082,1.8320000171661377,1.7999999523162842,1.7760000228881836,1.75600004196167,1.7300000190734863,1.7000000476837158,1.7000000476837158,1.6779999732971191,1.6579999923706055,1.6360000371932983,1.6180000305175781,1.5980000495910645,1.5759999752044678,1.5540000200271606,1.5360000133514404,1.5180000066757202,1.50600004196167,1.49399995803833,1.4759999513626099,1.4759999513626099,1.4559999704360962,1.4320000410079956,1.4240000247955322,1.4140000343322754,1.3960000276565552,1.3819999694824219,1.3619999885559082,1.350000023841858,1.3459999561309814,1.3300000429153442,1.312000036239624,1.2979999780654907,1.2979999780654907,1.2719999551773071,1.2719999551773071,1.2580000162124634,1.2480000257492065,1.2380000352859497,1.2259999513626099,1.2139999866485596,1.2020000219345093,1.194000005722046,1.184000015258789,1.1740000247955322,1.1660000085830688,1.1519999504089355,1.1519999504089355,1.1440000534057617,1.1319999694824219,1.121999979019165,...,47.0,47.0,47.0,47.0,47.0,47.0,47.0,47.0,47.0,47.0,47.0,47.0,47.0,47.0,47.0,0.0,0.0,0.0,0.0,0.0,0.0,0.0,0.0,0.0,0.0,0.0,0.0,0.0,0.0,0.0,0.0,0.0,0.0,0.0,0.0,0.0,0.0,0.0,0.0,0.0,0.0,0.0,0.0,0.0,0.0,0.0,0.0,0.0,0.0,0.0,0.0,0.0,0.0,0.0,0.0,0.0,0.0,0.0,0.0,0.0,0.0,0.0,0.0,0.0,0.0,0.0,0.0,0.0,0.0,0.0,0.0,0.0,0.0,0.0,0.0,0.0,0.0,0.0,0.0,0.0,0.0,0.0,0.0,0.0,0.0,0.0,0.0,0.0,0.0,0.0,0.0,0.0,0.0,0.0,0.0,0.0,0.0,0.0,0.0,0.0,0.0,0.0,0.0,0.0,0.0,0.0,0.0,0.0,0.0,47.0,47.0,47.0,47.0,47.0,0.0,0.0,0.0,0.0,0.0,0.0,0.0,0.0,0.0,0.0,0.0,0.0,0.0,0.0,...
1763028261,896227253,laser,-3.1241390705108643,3.1415927410125732,0.0034828970674425364,5.7045777793973684e-05,0.10262535512447357,0.15000000596046448,16.0,8.303999900817871,8.303999900817871,8.303999900817871,8.312000274658203,8.312000274658203,8.312000274658203,8.295999526977539,8.295999526977539,8.295999526977539,8.288000106811523,inf,inf,inf,inf,inf,inf,inf,inf,inf,inf,inf,inf,inf,inf,inf,inf,inf,inf,inf,inf,inf,inf,inf,3.7920000553131104,3.7920000553131104,3.7920000553131104,3.7920000553131104,3.7920000553131104,3.747999906539917,3.747999906539917,3.747999906539917,3.747999906539917,3.747999906539917,3.74399995803833,3.7360000610351562,3.74399995803833,3.747999906539917,3.74399995803833,2.98799991607666,2.98799991607666,2.98799991607666,2.9560000896453857,2.9200000762939453,2.871999979019165,2.819999933242798,2.819999933242798,2.7839999198913574,2.7360000610351562,2.6760001182556152,2.624000072479248,2.5840001106262207,2.5320000648498535,2.4839999675750732,2.380000114440918,2.3440001010894775,2.3440001010894775,2.299999952316284,2.2639999389648438,2.2639999389648438,2.1440000534057617,2.1440000534057617,2.0920000076293945,2.0399999618530273,1.9880000352859497,1.9500000476837158,1.9140000343322754,1.8839999437332153,1.8619999885559082,1.8339999914169312,1.812000036239624,1.777999997138977,1.7480000257492065,1.7359999418258667,1.715999960899353,1.690000057220459,1.690000057220459,1.6579999923706055,1.6419999599456787,1.621999979019165,1.6019999980926514,1.5839999914169312,1.562000036239624,1.5479999780654907,1.5360000133514404,1.5160000324249268,1.5019999742507935,1.4859999418258667,1.4559999704360962,1.440000057220459,1.434000015258789,1.434000015258789,1.4160000085830688,1.3960000276565552,1.3860000371932983,1.3660000562667847,1.3539999723434448,1.343999981880188,1.3279999494552612,1.315999984741211,1.3020000457763672,1.2860000133514404,1.2760000228881836,1.2640000581741333,1.2519999742507935,1.2519999742507935,1.2380000352859497,1.2280000448226929,1.215999960899353,1.2020000219345093,1.194000005722046,1.184000015258789,1.1740000247955322,1.1660000085830688,1.156000018119812,1.1460000276565552,1.1319999694824219,1.121999979019165,1.121999979019165,...,47.0,47.0,47.0,47.0,47.0,47.0,47.0,47.0,47.0,47.0,47.0,47.0,47.0,0.0,0.0,0.0,0.0,0.0,0.0,0.0,0.0,0.0,0.0,0.0,0.0,0.0,0.0,0.0,47.0,47.0,47.0,47.0,47.0,0.0,0.0,0.0,0.0,0.0,0.0,0.0,0.0,0.0,0.0,0.0,0.0,0.0,0.0,0.0,0.0,0.0,0.0,0.0,0.0,0.0,0.0,0.0,0.0,0.0,0.0,0.0,0.0,0.0,0.0,0.0,0.0,0.0,0.0,0.0,0.0,0.0,0.0,0.0,0.0,0.0,0.0,0.0,0.0,0.0,0.0,0.0,0.0,0.0,0.0,0.0,0.0,0.0,0.0,0.0,0.0,0.0,0.0,0.0,0.0,0.0,0.0,0.0,0.0,0.0,0.0,0.0,0.0,0.0,0.0,0.0,0.0,0.0,0.0,0.0,0.0,0.0,0.0,0.0,0.0,0.0,0.0,0.0,0.0,0.0,0.0,0.0,0.0,0.0,0.0,0.0,0.0,0.0,0.0,0.0,...
1763028262,699030,laser,-3.1241390705108643,3.1415927410125732,0.0034828970674425364,5.364483149605803e-05,0.09650705009698868,0.15000000596046448,16.0,8.303999900817871,8.303999900817871,8.303999900817871,8.312000274658203,8.312000274658203,8.303999900817871,8.303999900817871,8.303999900817871,8.303999900817871,8.303999900817871,8.288000106811523,inf,inf,inf,inf,inf,inf,inf,inf,inf,inf,inf,inf,inf,inf,inf,inf,inf,inf,inf,inf,inf,inf,inf,inf,inf,inf,3.752000093460083,3.752000093460083,3.752000093460083,3.752000093460083,3.752000093460083,3.74399995803833,3.7360000610351562,3.7360000610351562,3.74399995803833,3.74399995803833,3.74399995803833,2.9760000705718994,2.9760000705718994,2.9760000705718994,2.9760000705718994,2.944000005722046,2.8959999084472656,2.8440001010894775,2.7880001068115234,2.740000009536743,2.740000009536743,2.6600000858306885,2.5959999561309814,2.5959999561309814,2.5320000648498535,2.4839999675750732,2.444000005722046,2.3959999084472656,2.3440001010894775,2.2839999198913574,2.2239999771118164,2.1679999828338623,2.1040000915527344,2.055999994277954,2.0199999809265137,1.9819999933242798,1.9500000476837158,1.9199999570846558,1.9199999570846558,1.8940000534057617,1.8660000562667847,1.8420000076293945,1.812000036239624,1.7799999713897705,1.7599999904632568,1.7339999675750732,1.715999960899353,1.6979999542236328,1.6699999570846558,1.6540000438690186,1.6360000371932983,1.6139999628067017,1.5880000591278076,1.5880000591278076,1.559999942779541,1.5460000038146973,1.534000039100647,1.5140000581741333,1.496000051498413,1.4859999418258667,1.465999960899353,1.444000005722046,1.434000015258789,1.4199999570846558,1.399999976158142,1.3880000114440918,1.3739999532699585,1.3739999532699585,1.343999981880188,1.343999981880188,1.3339999914169312,1.3200000524520874,1.3040000200271606,1.2879999876022339,1.281999945640564,1.2719999551773071,1.2580000162124634,1.246000051498413,1.2319999933242798,1.2200000286102295,1.2100000381469727,1.2000000476837158,1.2000000476837158,1.187999963760376,1.1799999475479126,1.1679999828338623,1.1579999923706055,1.1460000276565552,1.1380000114440918,1.128000020980835,1.1180000305175781,...,47.0,47.0,47.0,47.0,47.0,47.0,47.0,47.0,47.0,47.0,47.0,47.0,47.0,0.0,0.0,0.0,0.0,0.0,0.0,0.0,0.0,0.0,0.0,0.0,0.0,0.0,0.0,0.0,0.0,0.0,0.0,0.0,0.0,0.0,0.0,0.0,0.0,0.0,0.0,0.0,0.0,0.0,0.0,0.0,0.0,0.0,0.0,0.0,0.0,0.0,0.0,0.0,0.0,0.0,0.0,0.0,0.0,0.0,0.0,0.0,0.0,0.0,0.0,0.0,0.0,0.0,0.0,0.0,0.0,0.0,0.0,0.0,0.0,0.0,0.0,0.0,0.0,0.0,0.0,0.0,0.0,0.0,0.0,0.0,0.0,0.0,0.0,47.0,47.0,47.0,47.0,47.0,0.0,0.0,0.0,0.0,0.0,0.0,0.0,0.0,0.0,0.0,0.0,0.0,0.0,0.0,0.0,0.0,47.0,47.0,47.0,47.0,47.0,0.0,0.0,0.0,0.0,0.0,0.0,0.0,0.0,0.0,0.0,0.0,0.0,0.0,0.0,0.0,...
1763028262,98988570,laser,-3.1241390705108643,3.1415927410125732,0.0034828970674425364,5.705187140847556e-05,0.10263631492853165,0.15000000596046448,16.0,8.303999900817871,8.303999900817871,8.303999900817871,8.303999900817871,8.312000274658203,8.303999900817871,8.303999900817871,8.303999900817871,8.303999900817871,8.303999900817871,8.288000106811523,inf,inf,inf,inf,inf,inf,inf,inf,inf,inf,inf,inf,inf,inf,inf,inf,inf,inf,inf,inf,inf,inf,inf,3.752000093460083,3.752000093460083,3.752000093460083,3.752000093460083,3.752000093460083,3.752000093460083,3.752000093460083,3.752000093460083,3.747999906539917,3.740000009536743,3.74399995803833,3.74399995803833,3.74399995803833,3.74399995803833,inf,inf,2.752000093460083,2.752000093460083,2.752000093460083,2.752000093460083,2.752000093460083,2.700000047683716,2.700000047683716,2.700000047683716,2.6679999828338623,2.6040000915527344,2.5480000972747803,2.5,2.2720000743865967,2.2720000743865967,2.2200000286102295,2.2200000286102295,2.171999931335449,2.171999931335449,2.135999917984009,2.0959999561309814,2.055999994277954,2.0199999809265137,1.9900000095367432,1.9559999704360962,1.9299999475479126,1.9019999504089355,1.8639999628067017,1.840000033378601,1.812000036239624,1.781999945640564,1.781999945640564,1.7599999904632568,1.7200000286102295,1.7200000286102295,1.6959999799728394,1.6720000505447388,1.6519999504089355,1.628000020980835,1.6119999885559082,1.593999981880188,1.5700000524520874,1.5520000457763672,1.5379999876022339,1.5379999876022339,1.5019999742507935,1.5019999742507935,1.4839999675750732,1.4600000381469727,1.4459999799728394,1.4359999895095825,1.4179999828338623,1.4019999504089355,1.3960000276565552,1.3799999952316284,1.3580000400543213,1.3459999561309814,1.3359999656677246,1.3259999752044678,1.3259999752044678,1.3140000104904175,1.2999999523162842,1.284000039100647,1.2719999551773071,1.2580000162124634,1.24399995803833,1.2380000352859497,1.2239999771118164,1.2100000381469727,1.2020000219345093,1.190000057220459,1.1799999475479126,1.1799999475479126,1.1579999923706055,1.1579999923706055,1.1480000019073486,1.1380000114440918,1.1299999952316284,1.1239999532699585,...,47.0,47.0,47.0,47.0,47.0,47.0,47.0,47.0,47.0,47.0,47.0,47.0,47.0,47.0,47.0,47.0,0.0,0.0,0.0,0.0,0.0,0.0,0.0,0.0,0.0,0.0,0.0,0.0,0.0,0.0,0.0,0.0,0.0,0.0,0.0,0.0,0.0,0.0,0.0,0.0,0.0,0.0,0.0,0.0,0.0,0.0,0.0,0.0,0.0,0.0,0.0,0.0,0.0,0.0,0.0,0.0,0.0,0.0,0.0,0.0,0.0,0.0,0.0,0.0,0.0,0.0,0.0,0.0,0.0,0.0,0.0,0.0,0.0,0.0,0.0,0.0,0.0,0.0,0.0,0.0,0.0,0.0,0.0,0.0,0.0,0.0,0.0,0.0,0.0,0.0,0.0,0.0,0.0,0.0,0.0,0.0,0.0,0.0,0.0,0.0,0.0,0.0,0.0,0.0,0.0,0.0,0.0,47.0,47.0,47.0,47.0,47.0,0.0,0.0,0.0,0.0,0.0,0.0,0.0,0.0,0.0,0.0,0.0,0.0,0.0,0.0,0.0,0.0,...
1763028262,203218232,laser,-3.1241390705108643,3.1415927410125732,0.0034828970674425364,5.369389327825047e-05,0.09659530967473984,0.15000000596046448,16.0,8.303999900817871,8.312000274658203,8.312000274658203,8.303999900817871,8.303999900817871,8.303999900817871,8.295999526977539,8.303999900817871,8.303999900817871,8.288000106811523,inf,inf,inf,inf,inf,inf,inf,inf,inf,inf,inf,inf,inf,inf,inf,inf,inf,inf,inf,inf,inf,inf,inf,inf,3.7760000228881836,3.7760000228881836,3.7760000228881836,3.7760000228881836,3.7760000228881836,3.752000093460083,3.752000093460083,3.752000093460083,3.747999906539917,3.740000009536743,3.740000009536743,3.74399995803833,3.74399995803833,3.74399995803833,inf,inf,inf,inf,inf,2.7039999961853027,2.7039999961853027,2.7039999961853027,2.7039999961853027,2.7039999961853027,2.6480000019073486,2.4839999675750732,2.4839999675750732,2.3399999141693115,2.3399999141693115,2.2920000553131104,2.247999906539917,2.247999906539917,2.171999931335449,2.171999931335449,2.135999917984009,2.0999999046325684,2.059999942779541,2.0199999809265137,1.9919999837875366,1.972000002861023,1.9420000314712524,1.906000018119812,1.8739999532699585,1.850000023841858,1.8220000267028809,1.7920000553131104,1.7920000553131104,1.7640000581741333,1.7300000190734863,1.7300000190734863,1.6959999799728394,1.6720000505447388,1.6519999504089355,1.628000020980835,1.6139999628067017,1.600000023841858,1.5800000429153442,1.5579999685287476,1.5299999713897705,1.5219999551773071,1.5140000581741333,1.4919999837875366,1.4919999837875366,1.4759999513626099,1.4539999961853027,1.4359999895095825,1.4259999990463257,1.4119999408721924,1.3919999599456787,1.3739999532699585,1.3600000143051147,1.3480000495910645,1.343999981880188,1.3279999494552612,1.305999994277954,1.2940000295639038,1.2860000133514404,1.2860000133514404,1.2760000228881836,1.2580000162124634,1.246000051498413,1.2339999675750732,1.2239999771118164,1.2139999866485596,1.2020000219345093,1.194000005722046,1.184000015258789,1.1740000247955322,1.1640000343322754,1.1519999504089355,1.1519999504089355,1.1399999856948853,1.1299999952316284,1.1239999532699585,...,47.0,47.0,47.0,47.0,47.0,47.0,47.0,47.0,47.0,47.0,47.0,47.0,47.0,0.0,0.0,0.0,0.0,0.0,0.0,0.0,0.0,0.0,0.0,0.0,0.0,0.0,0.0,0.0,0.0,0.0,0.0,0.0,0.0,0.0,0.0,0.0,0.0,0.0,0.0,0.0,0.0,0.0,0.0,0.0,0.0,0.0,0.0,0.0,0.0,0.0,0.0,0.0,0.0,0.0,0.0,0.0,0.0,0.0,0.0,0.0,0.0,0.0,0.0,0.0,0.0,0.0,0.0,0.0,0.0,0.0,0.0,0.0,0.0,0.0,0.0,0.0,0.0,0.0,0.0,0.0,0.0,0.0,0.0,0.0,0.0,0.0,0.0,0.0,0.0,0.0,0.0,0.0,0.0,0.0,0.0,0.0,0.0,0.0,0.0,0.0,0.0,0.0,0.0,0.0,0.0,0.0,0.0,0.0,0.0,0.0,0.0,0.0,0.0,0.0,0.0,0.0,0.0,0.0,0.0,0.0,0.0,0.0,0.0,0.0,0.0,0.0,0.0,0.0,...
1763028262,302129975,laser,-3.1241390705108643,3.1415927410125732,0.0034828970674425364,5.6718527048360556e-05,0.10203662514686584,0.15000000596046448,16.0,8.312000274658203,8.312000274658203,8.303999900817871,8.303999900817871,8.312000274658203,8.303999900817871,8.295999526977539,8.303999900817871,8.312000274658203,8.295999526977539,inf,inf,inf,inf,inf,inf,inf,inf,inf,inf,inf,inf,inf,inf,inf,inf,inf,inf,inf,inf,inf,inf,inf,3.7799999713897705,3.7799999713897705,3.7799999713897705,3.7799999713897705,3.7799999713897705,3.752000093460083,3.752000093460083,3.752000093460083,3.74399995803833,3.74399995803833,3.740000009536743,3.740000009536743,3.74399995803833,3.74399995803833,3.007999897003174,3.007999897003174,3.007999897003174,2.9159998893737793,2.9159998893737793,2.9159998893737793,2.9159998893737793,2.880000114440918,2.812000036239624,2.4839999675750732,2.4839999675750732,2.4839999675750732,2.4839999675750732,2.427999973297119,2.368000030517578,2.328000068664551,2.2920000553131104,2.247999906539917,2.2119998931884766,2.171999931335449,2.131999969482422,2.131999969482422,2.0959999561309814,2.059999942779541,2.0299999713897705,1.99399995803833,1.9579999446868896,1.934000015258789,1.906000018119812,1.8739999532699585,1.850000023841858,1.8220000267028809,1.7920000553131104,1.7699999809265137,1.7699999809265137,1.7239999771118164,1.6979999542236328,1.6979999542236328,1.6720000505447388,1.656000018119812,1.6339999437332153,1.6139999628067017,1.600000023841858,1.5800000429153442,1.5579999685287476,1.5360000133514404,1.5260000228881836,1.5119999647140503,1.4900000095367432,1.4759999513626099,1.4759999513626099,1.4620000123977661,1.440000057220459,1.4220000505447388,1.4079999923706055,1.3860000371932983,1.371999979019165,1.3600000143051147,1.3480000495910645,1.343999981880188,1.3259999752044678,1.305999994277954,1.305999994277954,1.2860000133514404,1.2860000133514404,1.2760000228881836,1.2580000162124634,1.246000051498413,1.2359999418258667,1.2239999771118164,1.2139999866485596,1.2020000219345093,1.190000057220459,1.1799999475479126,1.1699999570846558,1.1619999408721924,1.156000018119812,1.156000018119812,1.1440000534057617,1.1319999694824219,1.1239999532699585,...,47.0,47.0,47.0,47.0,47.0,47.0,47.0,47.0,47.0,47.0,47.0,47.0,47.0,0.0,0.0,0.0,0.0,0.0,0.0,0.0,0.0,0.0,0.0,0.0,0.0,0.0,0.0,0.0,0.0,0.0,0.0,0.0,0.0,0.0,0.0,0.0,0.0,0.0,0.0,0.0,0.0,0.0,0.0,0.0,0.0,0.0,0.0,0.0,0.0,0.0,0.0,0.0,0.0,0.0,0.0,0.0,0.0,0.0,0.0,0.0,0.0,0.0,0.0,0.0,0.0,0.0,0.0,0.0,0.0,0.0,0.0,0.0,0.0,0.0,0.0,0.0,0.0,0.0,0.0,0.0,0.0,0.0,0.0,0.0,0.0,0.0,0.0,0.0,0.0,0.0,0.0,0.0,0.0,0.0,0.0,0.0,0.0,0.0,0.0,0.0,0.0,0.0,0.0,0.0,0.0,0.0,0.0,0.0,0.0,0.0,0.0,0.0,0.0,0.0,0.0,0.0,0.0,0.0,0.0,0.0,0.0,0.0,0.0,0.0,0.0,0.0,0.0,0.0,...
1763028262,405948147,laser,-3.1241390705108643,3.1415927410125732,0.0034828970674425364,5.704975774278864e-05,0.10263251513242722,0.15000000596046448,16.0,8.312000274658203,8.312000274658203,8.312000274658203,8.319999694824219,8.312000274658203,8.312000274658203,8.295999526977539,8.312000274658203,8.312000274658203,8.295999526977539,inf,inf,inf,inf,inf,inf,inf,inf,inf,inf,inf,inf,inf,inf,inf,inf,inf,inf,inf,inf,inf,inf,4.084000110626221,4.084000110626221,4.084000110626221,4.084000110626221,4.084000110626221,4.0,4.0,3.7799999713897705,3.7799999713897705,3.752000093460083,3.74399995803833,3.7360000610351562,3.740000009536743,3.740000009536743,3.740000009536743,3.740000009536743,2.996000051498413,2.996000051498413,2.996000051498413,2.9679999351501465,2.9679999351501465,2.9040000438690186,2.559999942779541,2.559999942779541,2.559999942779541,2.51200008392334,2.51200008392334,2.4600000381469727,2.4600000381469727,2.315999984741211,2.315999984741211,2.315999984741211,2.2639999389648438,2.2279999256134033,2.2079999446868896,2.1679999828338623,2.115999937057495,2.0759999752044678,2.052000045776367,2.0179998874664307,1.9800000190734863,1.9479999542236328,1.9179999828338623,1.9179999828338623,1.8919999599456787,1.8680000305175781,1.843999981880188,1.812000036239624,1.7860000133514404,1.7660000324249268,1.7380000352859497,1.715999960899353,1.6920000314712524,1.6660000085830688,1.6460000276565552,1.6299999952316284,1.6100000143051147,1.5859999656677246,1.5859999656677246,1.565999984741211,1.5420000553131104,1.5240000486373901,1.5140000581741333,1.49399995803833,1.4839999675750732,1.4700000286102295,1.4479999542236328,1.4320000410079956,1.4179999828338623,1.4040000438690186,1.3860000371932983,1.3860000371932983,1.3539999723434448,1.3539999723434448,1.3459999561309814,1.3359999656677246,1.3200000524520874,1.3020000457763672,1.2899999618530273,1.2860000133514404,1.2699999809265137,1.2480000257492065,1.2400000095367432,1.2300000190734863,1.2300000190734863,1.2100000381469727,1.2100000381469727,1.2000000476837158,1.187999963760376,1.1799999475479126,1.1699999570846558,1.1579999923706055,1.1480000019073486,1.1360000371932983,1.1239999532699585,1.1200000047683716,...,47.0,47.0,47.0,47.0,47.0,47.0,47.0,47.0,47.0,47.0,47.0,47.0,47.0,47.0,0.0,0.0,0.0,0.0,0.0,0.0,0.0,0.0,0.0,0.0,0.0,0.0,47.0,47.0,47.0,47.0,47.0,0.0,0.0,0.0,0.0,0.0,0.0,0.0,0.0,0.0,0.0,0.0,0.0,0.0,0.0,0.0,0.0,0.0,0.0,0.0,0.0,0.0,0.0,0.0,0.0,0.0,0.0,0.0,0.0,0.0,0.0,0.0,0.0,0.0,0.0,0.0,0.0,0.0,0.0,0.0,0.0,0.0,0.0,0.0,0.0,0.0,0.0,0.0,0.0,0.0,0.0,0.0,0.0,0.0,0.0,0.0,0.0,0.0,0.0,0.0,0.0,0.0,0.0,0.0,0.0,0.0,0.0,0.0,0.0,0.0,0.0,0.0,0.0,0.0,0.0,0.0,0.0,0.0,0.0,47.0,47.0,47.0,47.0,47.0,0.0,0.0,0.0,0.0,0.0,0.0,0.0,0.0,47.0,47.0,47.0,47.0,47.0,0.0,...
1763028262,510166794,laser,-3.1241390705108643,3.1415927410125732,0.0034828970674425364,5.379167487262748e-05,0.0967712253332138,0.15000000596046448,16.0,8.303999900817871,8.312000274658203,8.312000274658203,8.312000274658203,8.312000274658203,8.295999526977539,8.288000106811523,8.303999900817871,8.303999900817871,8.288000106811523,8.288000106811523,inf,inf,inf,inf,inf,inf,inf,inf,inf,inf,inf,inf,inf,inf,inf,inf,inf,inf,inf,4.584000110626221,4.584000110626221,4.584000110626221,4.584000110626221,4.584000110626221,4.480000019073486,4.368000030517578,4.25600004196167,4.159999847412109,3.75600004196167,3.75600004196167,3.75600004196167,3.747999906539917,3.740000009536743,3.7360000610351562,3.740000009536743,3.74399995803833,3.74399995803833,3.007999897003174,3.007999897003174,3.007999897003174,2.996000051498413,2.947999954223633,2.7760000228881836,2.7760000228881836,2.5999999046325684,2.5999999046325684,2.5999999046325684,2.5439999103546143,2.48799991607666,2.444000005722046,2.2960000038146973,2.2960000038146973,2.2960000038146973,2.252000093460083,2.2079999446868896,2.1679999828338623,2.131999969482422,2.0959999561309814,2.0959999561309814,2.063999891281128,2.0360000133514404,2.003999948501587,1.972000002861023,1.9479999542236328,1.9140000343322754,1.8760000467300415,1.8559999465942383,1.8320000171661377,1.7999999523162842,1.777999997138977,1.753999948501587,1.7259999513626099,1.7000000476837158,1.6759999990463257,1.6759999990463257,1.656000018119812,1.6399999856948853,1.6200000047683716,1.600000023841858,1.5800000429153442,1.5579999685287476,1.5460000038146973,1.5260000228881836,1.5019999742507935,1.4839999675750732,1.468000054359436,1.4539999961853027,1.4539999961853027,1.4240000247955322,1.4240000247955322,1.4079999923706055,1.3980000019073486,1.3819999694824219,1.3619999885559082,1.3480000495910645,1.3420000076293945,1.3300000429153442,1.315999984741211,1.2979999780654907,1.2860000133514404,1.2760000228881836,1.2640000581741333,1.2640000581741333,1.2480000257492065,1.2359999418258667,1.2259999513626099,1.2139999866485596,1.2000000476837158,1.1920000314712524,1.1820000410079956,1.1720000505447388,1.1640000343322754,1.1519999504089355,1.1419999599456787,1.1419999599456787,1.1319999694824219,1.1239999532699585,...,47.0,47.0,47.0,47.0,47.0,47.0,47.0,47.0,47.0,47.0,47.0,47.0,47.0,47.0,0.0,0.0,0.0,0.0,0.0,0.0,0.0,0.0,0.0,0.0,0.0,0.0,0.0,0.0,0.0,0.0,0.0,0.0,0.0,0.0,0.0,0.0,0.0,0.0,0.0,0.0,0.0,0.0,0.0,0.0,0.0,0.0,0.0,0.0,0.0,0.0,0.0,0.0,0.0,0.0,0.0,0.0,0.0,0.0,0.0,0.0,0.0,0.0,0.0,0.0,0.0,0.0,0.0,0.0,0.0,0.0,0.0,0.0,0.0,0.0,0.0,0.0,0.0,0.0,0.0,0.0,0.0,0.0,0.0,0.0,0.0,0.0,0.0,0.0,0.0,0.0,0.0,0.0,0.0,0.0,0.0,0.0,0.0,0.0,0.0,0.0,0.0,0.0,0.0,0.0,0.0,0.0,0.0,0.0,0.0,0.0,0.0,0.0,0.0,0.0,0.0,0.0,0.0,0.0,0.0,0.0,0.0,0.0,0.0,0.0,0.0,47.0,47.0,47.0,...
1763028262,608984493,laser,-3.1241390705108643,3.1415927410125732,0.0034828970674425364,5.694537685485557e-05,0.10244473814964294,0.15000000596046448,16.0,8.303999900817871,8.303999900817871,8.312000274658203,8.319999694824219,8.319999694824219,8.319999694824219,8.303999900817871,8.303999900817871,8.303999900817871,8.295999526977539,8.279999732971191,inf,inf,inf,inf,inf,inf,inf,inf,inf,inf,inf,inf,inf,inf,inf,inf,inf,inf,inf,4.552000045776367,4.552000045776367,4.552000045776367,4.552000045776367,4.552000045776367,4.495999813079834,4.223999977111816,4.223999977111816,4.111999988555908,4.111999988555908,3.752000093460083,3.74399995803833,3.74399995803833,3.7360000610351562,3.740000009536743,3.740000009536743,3.74399995803833,3.003999948501587,3.003999948501587,3.003999948501587,2.9639999866485596,2.9639999866485596,2.9159998893737793,2.9159998893737793,2.868000030517578,2.7799999713897705,2.700000047683716,2.5439999103546143,2.5439999103546143,2.368000030517578,2.328000068664551,2.328000068664551,2.328000068664551,2.2920000553131104,2.247999906539917,2.2079999446868896,2.171999931335449,2.131999969482422,2.131999969482422,2.0959999561309814,2.059999942779541,2.0239999294281006,1.9919999837875366,1.9639999866485596,1.9320000410079956,1.9040000438690186,1.871999979019165,1.843999981880188,1.8200000524520874,1.7879999876022339,1.7619999647140503,1.7619999647140503,1.7200000286102295,1.6959999799728394,1.6959999799728394,1.6759999990463257,1.6540000438690186,1.6319999694824219,1.6160000562667847,1.600000023841858,1.5759999752044678,1.5520000457763672,1.531999945640564,1.5160000324249268,1.5019999742507935,1.4859999418258667,1.4859999418258667,1.4759999513626099,1.4620000123977661,1.4420000314712524,1.4320000410079956,1.4140000343322754,1.3980000019073486,1.3839999437332153,1.3700000047683716,1.350000023841858,1.3359999656677246,1.3240000009536743,1.309999942779541,1.309999942779541,1.2979999780654907,1.2860000133514404,1.2740000486373901,1.2599999904632568,1.2480000257492065,1.2359999418258667,1.2259999513626099,1.2139999866485596,1.2000000476837158,1.190000057220459,1.1799999475479126,1.1799999475479126,1.1720000505447388,1.1640000343322754,1.1519999504089355,1.1399999856948853,1.1319999694824219,1.121999979019165,...,47.0,47.0,47.0,47.0,47.0,47.0,47.0,47.0,47.0,47.0,47.0,47.0,47.0,0.0,0.0,0.0,0.0,0.0,0.0,0.0,0.0,0.0,0.0,0.0,0.0,0.0,0.0,0.0,0.0,0.0,0.0,0.0,0.0,0.0,0.0,0.0,0.0,0.0,0.0,0.0,0.0,0.0,0.0,0.0,0.0,0.0,0.0,0.0,0.0,47.0,47.0,47.0,47.0,47.0,0.0,0.0,0.0,0.0,0.0,0.0,0.0,0.0,0.0,0.0,0.0,0.0,0.0,0.0,0.0,0.0,0.0,0.0,0.0,0.0,0.0,0.0,0.0,0.0,0.0,0.0,0.0,0.0,0.0,0.0,0.0,0.0,0.0,47.0,47.0,47.0,47.0,47.0,0.0,0.0,0.0,0.0,0.0,0.0,0.0,0.0,0.0,0.0,0.0,0.0,0.0,0.0,0.0,0.0,47.0,47.0,47.0,47.0,47.0,0.0,0.0,0.0,0.0,0.0,0.0,0.0,0.0,0.0,0.0,0.0,0.0,0.0,0.0,0.0,...
